query_id,gallery_id,confidence
02e84cdaddd04d1d9dde8af631a3af85,1f8315d481ce4bef93952e0a04520ecb,0.72131
33687898b8c74c418206e3adefba4bfe,bd0da21af8fe4d4d86b5655bbb210e8e,0.66749
17c17b288aaa4e899a34fa91e782d292,1c68e32722e143dd903c337080c048e0,0.79946
e7cdd67312474f36bd0c7d31ab3e8a34,f98de6783e0c4013ace9f1c1c080de7c,0.93189
6a29d25058cb438c80bc96c9d24a8629,73be4c1605dc4fb78ed9b9507ea90bdb,0.95935
12600dde111c4f8488dff25ffbca1b63,73be4c1605dc4fb78ed9b9507ea90bdb,0.98160
1a1602caa4414156a1d0a41c3b4e4c3a,b2b1badbcf724eedb108095774c02365,0.93660
f58f5243986b48c3bb7518935fdc76c2,059162c742504c679214bcd7f186afcb,0.96333
2d31edb0089b48b28061ec0f05325db6,f776ff5b53514c0f8a697f00a37d71e0,0.87579
96193706d2674e38a500fcac5a328fef,f776ff5b53514c0f8a697f00a37d71e0,0.69705
225d5cfd6e054236a8e565bf6157aa10,90b5dca9a62546888595ab0b984efa2a,0.94444
384a911fbde84709bf1a4f966785585f,e115575cbc804b439c01ae0827f32216,0.98196
1036c76ace2e42cbbfce18e00b317ca0,3bb0e71056104172ab85df184a6ee641,0.88388
9040f55e5d5b4ab386a733963c748fb5,e0609c498b484dbc833676b7a7014d38,0.93952
2fb7c413156f4dd78a319beb637428d4,e0609c498b484dbc833676b7a7014d38,0.86946
311d99a0ea8c44c6a0f7c422008fe2ba,ad25f496bf4c4943923e5ed8b0cb2b8c,0.97320
1d78b18d0574448da936ba93927b8ef0,ad25f496bf4c4943923e5ed8b0cb2b8c,0.97213
0d1fc18464b9458f8a7134ad7f3ccf23,c7550eb932444525a1cbd1a48ece776b,0.97030
4cb829c4ea5d4730b269502d2cefa38b,c7550eb932444525a1cbd1a48ece776b,0.91421
04d3303cb6ab45cb8d0ad6890ad3abe9,878b3f3edd924cd0935f652aad9bde83,0.96244
4a292ca38a6c49b6be0569cc356db2e7,878b3f3edd924cd0935f652aad9bde83,0.99158
91016d7490be400ebe25d52ebeefc98f,9b9d115f819e45e4b3f3d134b770f7aa,0.98583
c029e67ac7bf4694970b460bd248a95f,9b9d115f819e45e4b3f3d134b770f7aa,0.96907
1c9a2b8321c64e99b51945ccd1e39bf5,be745c00b7fd41329e7ebd754bfa0dfd,0.94748
5d888e60a2274c7cbe5b9d141c1d0340,be745c00b7fd41329e7ebd754bfa0dfd,0.82108
507ddc65267a418fb0901a34d8bd49c9,1d20073232454b9f9ae073de1ce3ed68,0.95156
bc7ad0595d084131991f885266aafd49,1d20073232454b9f9ae073de1ce3ed68,0.99123
0519040a63384f9a97d0e801065e5135,d82db0f42ca84098901d08a17a077690,0.97062
5224bba2511d489a99c1a9ff52e9dc88,d82db0f42ca84098901d08a17a077690,0.90350
100b0002537e40e7a4d9fcb5f82ddf33,e7d5d4e34d7449888ea47d040ab5e590,0.79537
806f482c346c449cab5ab4e8cb68514b,e7d5d4e34d7449888ea47d040ab5e590,0.72973
bdae1f58fa0843c1acd692b356f06d6b,29591c652f5d4a4fb5b371d3155f7ea3,0.97827
f658d66435164d1f880c508165bf7ad6,f581c1ab46c14f1693bb0dd1047314cd,0.97060
a91750a1b06d473c8b2c769e5dd6beca,378f8d121a5d4c27b12611c1d03a4df5,0.75798
ed29a8b379c6453384a5450338a8fbad,378f8d121a5d4c27b12611c1d03a4df5,0.72358
462e9cc51c4145f1993ddf8065102cba,9d0aeb588e2b4be3a9814170205f9304,0.90061
c88d1aab495048e1abc50b8a33da69b8,9d0aeb588e2b4be3a9814170205f9304,0.96230
4926e715ac374f4da7cdbba239286deb,7fb593151b0f481b8f07dda13b3127d1,0.88480
f94b488901a3453c9c04a232eab32ba8,5b3fe963c17b417ca472c1e13cfc3d34,0.83641
0aa148fd34cf4eff8e859ace3fe1e0d9,605118d5e3784b8c965abd8060a2c191,0.92045
3e09196b092d449c95ec9a74859d81e6,697c1cc2f1eb4885aafb19378901c6c5,0.84214
71c3e53927ae41f3953bf98f5463e00c,697c1cc2f1eb4885aafb19378901c6c5,0.96372
9dbbb8c8cc6742d9ad17a7edb766af15,fd4f8ff021ff419897e11ef81e1befa5,0.72987
0bc55ef11dd74cb486d17b8cdb966601,fd4f8ff021ff419897e11ef81e1befa5,0.74420
ca9a1bbd019543d78df34a79604f217d,06551eea52be4875ad3c62db73ba5422,0.96543
7678110f57d444cdab57d988ed42156f,06551eea52be4875ad3c62db73ba5422,0.97426
07de9ede226b45a19edc956e354da8fe,44fa99cae3a84fffa87db35a4cf954a6,0.98781
71e0958864f24e1c95347bbb564169c9,eb9c453b5905472290bdacde4ad80a90,0.99112
1232d556f1634a90aee63ff9f79b5200,eb9c453b5905472290bdacde4ad80a90,0.97657
7bdfb12e24cf4df6ad18d50695be489f,25fe4ed7ba5b433b9ae84795ea909729,0.76826
947c387d3475482b862646fc8ced7c04,a7f917475761408cbd4e3bf06f221b85,0.95893
17c41f0277cf40a2946e68246b8b8512,a7f917475761408cbd4e3bf06f221b85,0.92917
cf5ecb3437024bad8dbe8b3fd0a6d875,4cf02a5e7de54906956b0fcea61b9313,0.91030
57633a8b51d04fbabf5b4744bfba59d8,16faeeae4ac146b38c69be4bb797716f,0.78463
b71a68e3f2a74b8aa5e15157bdd5ace9,e30b7490fe2543cbb25c2bf6f427308b,0.92915
d1197565eb1c44959805367c3372f818,e30b7490fe2543cbb25c2bf6f427308b,0.96707
8988ba308ebf4241bed3dbd1e42de2fe,cca1340c20274e808ab85da90a96ae18,0.96235
f501c948186145ec8e93f239eace3bfb,7c724ad9fb2a4fb394a6b70ccf6c3e48,0.98281
76cd27b1860741998152ef62d0792269,7c724ad9fb2a4fb394a6b70ccf6c3e48,0.95620
2fb579a8894b4989aa7846aa5e9dc76c,607647c47e674e9a966d3099af6cf9ab,0.96767
632e769740dc41a7bf87d5bfd88afd4d,607647c47e674e9a966d3099af6cf9ab,0.97525
b2ed4bf52d3c4ae9b3a273cd95fefffb,1bac9c3bd8334c03be7c9bd087b5e8b9,0.92779
d044ece4e13d46cdabde47c19adf6b60,1bac9c3bd8334c03be7c9bd087b5e8b9,0.82832
5aaf48f78d5744b9b1b29f3eba7decf4,8407ccb6229b4358aa241b2c2a2e9f73,0.77291
5cc28a2bb7234bbf8f5bf9c0a25e20fb,8407ccb6229b4358aa241b2c2a2e9f73,0.94209
e391d7406af84168b84da4f2426c9c50,797c3d37e0b54dc1a7456db2e6c2f18e,0.90581
e92164bd412349b9b7a7a187bbed63db,bea4da23d8a842938db17e0c5dc1b290,0.80089
26eb604790a845558a8c880ed00815e7,bea4da23d8a842938db17e0c5dc1b290,0.87987
03c0c978495440559870a82bb60e8451,2432dc3410ee4d268a6c4ae85bfd0944,0.88546
fb551ce363e64fc5b3bfaacd8e614344,7413198f11e34533838d32e7504d2ade,0.92285
7c0f9e879db24824b9ee2bea07bb0a60,7413198f11e34533838d32e7504d2ade,0.89636
0e9babd430ab4702a8412ab7afd78aec,231538a8fff24324b5f95e5b4aee1f03,0.83732
3f7b86a40d964eccbbe55d836723a3b2,529f7b2ecb164ef394c503d5b6d170d7,0.98263
a06c6470e670489ea2ce87d8337e4b77,529f7b2ecb164ef394c503d5b6d170d7,0.96692
a57e9230c6794e7d8ad7ae98d24d2739,5edb2d5f05ac42f78b0b9760ed86fd21,0.91658
92d665883d8a4cb4a061687c8b8ba685,5edb2d5f05ac42f78b0b9760ed86fd21,0.95422
13befb5a9f8443acb3e079ca520605b4,0deab641bec442eab7a0b1449f894ffa,0.78100
80d2329ef3454f8b97e48d8ffd60a6da,8431b110a82f420d89fb3bffafadf74f,0.96255
9bb391cc299f46dda9707c10594c7aa9,c841c802c04d41d49b16d775806adb29,0.95834
9916c10e424d4bc59c7bb9e0b5c0b188,8341143efbb1437d8fbc3f744ef356c6,0.92836
6277556470f949fc8287fcd51aa18996,a67266665dad4e1a826ed0fff16c5312,0.96604
f3cad03791414b859d612d78789bd496,a67266665dad4e1a826ed0fff16c5312,0.90463
0e5ba4bda0d8407cb2858f3a1d193a11,6e5e56cf1a6145369f559bfeca38b0c1,0.95428
741dc639db224d6795f5ec9cf403628e,6e5e56cf1a6145369f559bfeca38b0c1,0.97457
64986628cbb241668ac6734a37f4e8b0,86c90a32d7b84fb285e702a4df949e59,0.90397
9c92ac2bfffd4deaa67d329e0d305a76,86c90a32d7b84fb285e702a4df949e59,0.89506
e9a797a24fc1404096f5a37f80472a03,fbbf78bb97874660ac1761033d264aa4,0.92197
f7cb518cd5fa456c895ce751b1e41440,fbbf78bb97874660ac1761033d264aa4,0.91126
2de237e7dbdc4e73a8f70a0012dad1b5,83ef8e491ff54e2ab11f6367d9626a78,0.94021
93cc822515f548a9933ace4180d29785,83ef8e491ff54e2ab11f6367d9626a78,0.92845
93cafa7a655748d9af153f04f3660a98,a483211857ce4ce8928ee6dc66cff7db,0.95013
250f3acfe4b040829ae419f53d0a745f,9a7e7d62640c427a90dc86e6dbc04b4a,0.79082
6cd96773cb214cf6b96df4b1b2414a75,53bf91482eb042a8b3f958c21d0df2ba,0.90858
3d405e84eca1467a85b0739ce73cdbd7,339cf78aef744222bba9e5777627c118,0.96340
d8cdeb56400f4724ac194535c7d632d2,38b485f9529e42acb5e6e5f8dd5e86a3,0.82336
f62b7a6faedc445180e097d32532074f,2af1f537ba904a66ad456517ec3cc192,0.96695
f571272966044cbfa9919a9473b1511e,2af1f537ba904a66ad456517ec3cc192,0.75855
61a05a980db14bceaf29f92615477c4c,3622c3eea40e4a708e8ae41997bc6d81,0.82097
3211f7e3ac1f4367b7cda8a412277099,3622c3eea40e4a708e8ae41997bc6d81,0.86619
ba90b218790d42d79ba2bcdfdc096359,35c0e56356f347efa15a595b18b57ae6,0.90943
cfd821cd618447eb997059fa45cd6bd3,35c0e56356f347efa15a595b18b57ae6,0.80906
bde8f1f50cc9494cbfa256cfe7f9b55b,1e05f86f44a94b229df9fd216029f76f,0.93158
184a8ef48b2745c4b36b4f7860da9edb,1e05f86f44a94b229df9fd216029f76f,0.92074
a7922aa63c67409286370a2c80231b95,810436b02aaa470b84adb815009dbb04,0.84271
c06b9f5d7fe841f692e37104463a2eb0,0c85b5e5712442b6b3f2b929bc13525b,0.80784
e17daaf8e468423d8d5966c8c9df50c0,15b603964b534aedb90cdb8f75132dc6,0.98431
efdb8128e1ec4ed4b35c448438503c44,458ba7ca707443baa41e19c5e72bb721,0.92621
ade33762c7e244ada7ebb924fec463f0,458ba7ca707443baa41e19c5e72bb721,0.96015
7738befa8d984804b8d8ccce54e5c5ef,163b2f69d37245eab032365a1594f2e8,0.89608
5381ab03ba064b76b91fab219d0c6802,163b2f69d37245eab032365a1594f2e8,0.89935
a64bf8daeade464296fa118086847bc3,5622ff544cbf48e995e74249b2e39473,0.98860
943c7ac8db424eaea2fb8b8b42d778ae,5622ff544cbf48e995e74249b2e39473,0.99235
01c6654b1e854717a12be47934bf382c,3f721c14eeb143b8bab97cfba211aa15,0.93102
35856d831286420ea1973cae7a9fe256,d100a098869548bca2ad4a9cf3d562c6,0.95695
fd697349ed744dc48eda3a3b4a926664,d100a098869548bca2ad4a9cf3d562c6,0.94590
f1887418fda04dbca9f8c461e8e2d648,e71921d0361346dcbcb4ba11f449686b,0.97648
87e060dff8e943a89510c9ddd2498a24,e71921d0361346dcbcb4ba11f449686b,0.99181
2c9216f456254264b05d8e326ede298c,7dd02fd19e2a4348afbbcff1889197b3,0.81305
cf2774d101f3437e9218fd8fac51137e,7dd02fd19e2a4348afbbcff1889197b3,0.89628
70cd2260ce0143f3bcc98da1fdf65217,ae94d61a66fb40028a7f7941d72e7baf,0.90832
79379655940e4f0fa5df1765acdbed1f,ae94d61a66fb40028a7f7941d72e7baf,0.91862
d39c8309d0d143af95c2f0f9a90bceb4,aa5dc9b0c93c4165bb32f1f06eebcecb,0.97813
84bd4f9704a94b46a47c3df0631607bd,aa5dc9b0c93c4165bb32f1f06eebcecb,0.98310
1dc20bdcbed6400f8d76c64b974c37c0,b66695eeded74d0c97879af4446259ed,0.98391
8537d349351f426596b045d08c860009,b66695eeded74d0c97879af4446259ed,0.98120
a7773e2468284e18b22f69f97f882e9e,7694ff82ddd64a3aa502a1c5b007b91f,0.96081
df8331c06b1244f1b143412ba654e883,7694ff82ddd64a3aa502a1c5b007b91f,0.97891
5c23ae5321d047e3bc9cedb7975b739d,f7e97daec10d422d9ce1e46e17efe83a,0.87770
a80ab773e1274f7ebf0d5fe4778f60d9,f7e97daec10d422d9ce1e46e17efe83a,0.92723
7dea319d83af4d32a8777bd4f0235750,c23e88daed4642d5b2b6ecc69d6fee61,0.91444
85d37294707b4133bd8ab6347ee33a4e,97c1cd59ef8d43feb5caaafb196aaeb3,0.96480
009e78d6557947a4a5a64ee598fca247,97c1cd59ef8d43feb5caaafb196aaeb3,0.97123
711d8e0994664c9ab915a122e381f791,b63baf2985784fcba80eeec10e955719,0.98064
1e6693fbf2d745d79ff6bb623f6f316d,b63baf2985784fcba80eeec10e955719,0.78090
d2ef91c239b642da91bd037587ad2084,2082905c030547a9be36f3774226d647,0.98488
64e3ec9a117f49c2b212bb2b521a37d8,2082905c030547a9be36f3774226d647,0.98630
77f177d0eeed478abca2cd119becc465,13e22e084cac4b8b81344e7e2bc6d3fb,0.84195
c3e69a01eb21464bbba9f33605a0a9f8,13e22e084cac4b8b81344e7e2bc6d3fb,0.97535
f4df92626c5f4233a288c077869f5311,453895e1373442ee98e1649ed33dc36b,0.96918
094784068f364f91b25ef759cc1ab43c,453895e1373442ee98e1649ed33dc36b,0.96554
0bdb23bc684a470cbd381677e357bc05,ac67c8ea36354d6399a71d54a513c171,0.95834
2fbed30b5fc9477592455eade4d11f53,603e11cb9bb74f6a8da38b2c2be55302,0.83154
5590cb52bc7843348a8cf1f927761a9c,603e11cb9bb74f6a8da38b2c2be55302,0.80622
e34c544a0f494902bec33f69e1621bad,c912c797000a414f9dee4d4d1b1a7670,0.97590
7ac7d8294e01478c9df97058efb3156c,c912c797000a414f9dee4d4d1b1a7670,0.97535
0da9d9f3ccf244159faaf2ab74e9ee8e,754915af6eef4418a310473d90d9ae6f,0.98055
a318456f5e4840ec984ab7bc341599bb,ad6e35cacdea489785cad52c6d154111,0.81011
35489db1b11b473e983551277d37d535,ad6e35cacdea489785cad52c6d154111,0.75958
b2f4bc3658564ed48f1b254e5aa9b409,b6e2ce20e01d4878840564ca04190933,0.96885
76774da3e8d44572a060c784b7580fc3,2f188ecc07ed4319a54c708671be127d,0.96323
840489766fbe4f25a2c225734f708d00,9e1fdf64d5064d2a90007975a880ff88,0.97388
f5ab7c6f50054b99a700b79eceb4e1d3,c55acaf2472b4b78937f053ed12d3af9,0.97372
0a558663786b4a3a8d313dd283a68d4b,c55acaf2472b4b78937f053ed12d3af9,0.87972
9bff7a0a578f475caccc93f095589d5d,a8a9321545264a57b0db9c835050b555,0.86046
4198c9cf7d9b41bbb7ae2ed0951e840a,a8a9321545264a57b0db9c835050b555,0.91777
c3add8b097874ab0ad486bc593c0b5c0,b3b70eaa565f4940a88cf8c8de9013ee,0.94613
0f1b34a8483146abb2adaff5bb02b4ba,b3b70eaa565f4940a88cf8c8de9013ee,0.95459
e6b93485deba49f1ac26d06b0868328f,440ea9ef4eb0429a95e2340eb6ba4dc8,0.97110
a47d40505ae54859a7350e585c8e9f38,a7f1bafa0b294df99f8d981a119d984c,0.98266
8fd90f1229b0484695bd2efb82434b84,a7f1bafa0b294df99f8d981a119d984c,0.96351
08109fca73604a3a8695b2cfacd4ff7c,bb5c0a589e9f40f8b626877a3f25052a,0.98601
1572fdaba8de45f8af7af0616e548b10,bb5c0a589e9f40f8b626877a3f25052a,0.96841
caec5b04d244475aa25e8ed7b5b5b9fa,a263163648644347ad1b57db955c5d18,0.77074
15c23300bb7b49d1b3e444e67f239721,3a58c43b59a643a1a174c412735367bb,0.95565
1b92a24a385944d7afc9152a22f11ea9,3a58c43b59a643a1a174c412735367bb,0.97591
ea312e087e5f4af297ebccc776daf052,6dbe4622da8941e380401bd5d59a3ccf,0.73152
f111a20394a640d0967f902530cbd89f,7d7cf192556042c0812fa4e4474b897b,0.73106
5d262840764a4a239f15638447926c85,7d7cf192556042c0812fa4e4474b897b,0.92919
2cf4a4c5758b4570a5b7c9dac81cf80e,11c01c158359432ab34bc2450c8febf8,0.79809
8eef70fa18504afeb50970897dac1c3b,11c01c158359432ab34bc2450c8febf8,0.73943
5ade56869db54f2b86b4a3b8178baaac,fc9614226f044fc0bb6a0a376e6cb4e3,0.93051
c56dcc66223240c0b73f34716f8a64e1,fc9614226f044fc0bb6a0a376e6cb4e3,0.94054
d0c1a950eb4242a1bebe12914d96c58f,3410d52ca86d4446807d72b4b3b4b839,0.93688
113fe1503aa244abbfda107ee1073cce,3410d52ca86d4446807d72b4b3b4b839,0.96289
24ba40b8273f4683ad72100451fc046a,4334561fe16e451e9360ec35d068931d,0.70932
8b357e20060146ddba8ab4d42de796a7,4334561fe16e451e9360ec35d068931d,0.93614
422591f8e9da43c58dc8d535205cb5dc,abdb02fe03c840938fa27cc353bdb80e,0.96811
2c3a32934654401bb314cb271cee4e91,abdb02fe03c840938fa27cc353bdb80e,0.89972
82fb20c439864e25844e6040f6b098f9,0f47416cb2ae4ab8836a7112fccda688,0.87414
2548709da3124ff3b8bd929ca9b3529f,0f47416cb2ae4ab8836a7112fccda688,0.66688
f0e4012490394891a099fcab0ab31987,b2b008b4a0a84ccebbfcdf21e129dda2,0.87725
00563c215724428cb445900744e61531,736982e49f0f404ca1a45f9e8acc145c,0.86342
d58dca3f397f42f8a498366e919834c7,736982e49f0f404ca1a45f9e8acc145c,0.86661
1bd1de15f5c9452f8e7b2feb415f8d55,86b05d24d96743838828c678f7d036ae,0.84401
1a09aacf1c654f40bc2affeb2373ddab,86b05d24d96743838828c678f7d036ae,0.92893
0e347938b23f44359356cb5ec6411eb0,d1116dad33cd491bbf95bd219e543229,0.87696
63b6bac7908d4672ace5c9100067ce0a,d1116dad33cd491bbf95bd219e543229,0.80106
0588f4f39bf047f3ba5cdccd931eccd0,888ff1c0998c4bdab1e452b35e00c732,0.97652
479f56832695402eb220d05d00e90547,888ff1c0998c4bdab1e452b35e00c732,0.97299
781682ada7074772acb6977d5aafe7dc,682729001d444261960e099872ebb9b4,0.95420
21384d995c374b8bb98d3b2961589a3e,682729001d444261960e099872ebb9b4,0.96238
0a6b0b6417754d2e9fd7fe30b19d0cf4,f10668126b31410f8d554e50e2daf778,0.92896
1d75695d71c849559ea1e7c4c880b382,f10668126b31410f8d554e50e2daf778,0.96235
9c10343f2c4e47038daf6277eb9242b4,320e864a4acb46e593a23c1022a89439,0.88280
cf750cece23146619b57db59011b9de6,320e864a4acb46e593a23c1022a89439,0.88811
70362cd4df7a4e34879c312c900e43b8,7dc95dd90d044f10a83245f5ca548d2d,0.97619
1cc27d775f0641a7a54e958374424227,7dc95dd90d044f10a83245f5ca548d2d,0.97582
9f469fc5274f43afa479f988c0898bcd,62de0c73dff240a79d3599af93a130b3,0.94112
a93ff31cfac245d0a63f9cec4e39a83d,62de0c73dff240a79d3599af93a130b3,0.91792
2295299519b34bb08ec62225c9998839,d79f957fdb9f47d29be3ec72a4c8f99e,0.86453
d4c88511e06540e5b2d8c6f79db74693,d79f957fdb9f47d29be3ec72a4c8f99e,0.87078
da2f4a9d620d4d04969c6935c1726daf,3d4a0219156c45f19a89d72b1916d5e7,0.98254
f215034f390a4bc08900acbe4b73ab28,3d4a0219156c45f19a89d72b1916d5e7,0.97335
fe4025f512244bfcbf81de089ef83695,f68e1d39ff124254a392c1b60d32e29f,0.90590
cd406f31902f43d78dc02845fe4b9158,458a19bd8c0448e7b033e809d3f0cdb4,0.84347
37b1014d038741fcaf6008b63e36771b,5c51398429e14a15835fe97974140fb0,0.83726
7ce53b7322fc488690ba02d20b250cdf,cf27a4a3c6ac4c82bc293282e5d46a06,0.91805
386fc8ca75ef40e393d9705ec9345017,cf27a4a3c6ac4c82bc293282e5d46a06,0.92520
161d1b7ab93c4508bc33cf4e7833e990,78d58d5f483e4d6eb2ff98e48d853a00,0.98226
f980854ccc074990b6280821bbcf8cb4,78d58d5f483e4d6eb2ff98e48d853a00,0.95063
3ffcf6973eaa469fb8676b179ce12001,5978a8d24bf34899968e435b77850840,0.94452
6e64314aebc841fcb7ebe3c29f36dbac,5978a8d24bf34899968e435b77850840,0.98648
20226d27ec7f423994c07fa2875d503e,b221dae7fb7a4bcfbecc9727bdffc2ba,0.76948
59f2b4532caa42f1b948804d68d2ecb0,97e227c6292f4db3845e9335c1410665,0.84573
046487087f73438c8ef0b5c4b6a148f2,97e227c6292f4db3845e9335c1410665,0.84756
d622c088a5f24f00934f10b79f1f13dc,361431cd7e864702aed64c6b8a286995,0.70710
826b1f4852724b808ce3351344a1b2fe,361431cd7e864702aed64c6b8a286995,0.96462
e42e2d1234664da6a21aa5a3fdc1aa96,79683a37c69a417ebe02f6adbe8801d3,0.96880
94511f83b8bf4283b48df4d781f2c514,79683a37c69a417ebe02f6adbe8801d3,0.97330
0cabb685ab9541c7a8a2224a80e381d8,ffbdf132632540419924130cd3c9b655,0.93597
f46bfd0735704923bdd26dcb0434510f,8ac6e02eb2bb4864a1c0ccdeddbee008,0.95983
e93581457afd4a43b8164d3e66e9f7ae,8ac6e02eb2bb4864a1c0ccdeddbee008,0.95767
13d5a9f808d74dbe8eab7b946ddc3479,7dc794a8c2ed4b22bc8e9283fb6484ec,0.82746
26f6ec2cc845420291b92fcd0cc1af4f,7dc794a8c2ed4b22bc8e9283fb6484ec,0.83575
803cb74c5b2640d69740fd2d2b785e4f,7cc96713b08a4870a0d51478416c3148,0.91030
ffc33adbec164c61bbf23a3a0c3b1731,63be608a473b4652ac4a4809dfd01d46,0.97897
222455c8b5944065b57b3242fcd70d09,1bedee5edfdf4584ad354c7c02635851,0.96544
8fe9d441dd224571a5c1f5b571499057,ce8f613bca4b47848f876c6c6b36ad1f,0.94315
4cd17c87e0024aa680b0be35e8bbe8c3,5435b42467f54fe0a00df76c745d2dc6,0.95525
93bbf530630745c7bf0584d2a0de8115,5435b42467f54fe0a00df76c745d2dc6,0.95436
7474b93a4ecc4d6ca11bfcc337a31a2e,c842dfe7724e4bb8b99f68a7906bcf91,0.95989
c66ecf23e726427985f02e75435553d3,c842dfe7724e4bb8b99f68a7906bcf91,0.91896
801378899195445cac663804bf6f664e,d2212a501358476380de5c2a6c140b58,0.97125
bef58b100e6f45a492b7fc414aefecc9,d2212a501358476380de5c2a6c140b58,0.96969
5b7206e44ba146339f78e7b18ad8717a,dcbee35ef3ae42179945cd232d50ae50,0.97516
9e12d2edbb2040eab83246961f4c6850,81a3f6e40f7c45c8b6937f4ccc5c4b73,0.97720
f78d8f147416456b8fda9bfb7394a529,81a3f6e40f7c45c8b6937f4ccc5c4b73,0.96968
9a45b92df7b841e8b9b5deef2f6eb2e3,e9bb8eea208a46b4b859e0055ee17592,0.73699
c7a763f526454b8c8cc1f2c487fa2301,e9bb8eea208a46b4b859e0055ee17592,0.71941
3b78e7ee0e3746678fe0d4c74c5f094b,aa442d593f20489f9e53b680ae7b2e89,0.73620
0bb1f23e3f1c4d61925d4ec546969dda,aa442d593f20489f9e53b680ae7b2e89,0.75462
92c9579956da4be89732b7fab2541619,1ed0a794a95749dab052d5ac4b432a6f,0.94172
098002fa8a7a48c9a085fb1b7607d8d6,7fd41ad449ce49398e018426a0bcd958,0.97326
87a71b2a0e8040c19b3f98ef27d99892,7fd41ad449ce49398e018426a0bcd958,0.97677
aa5fc1a62c30420bb7d829437fdd13b7,c9dc6dc141134511af306e296ed91893,0.88256
46db4940540c423b9a6c3178a23019ed,c9dc6dc141134511af306e296ed91893,0.88336
774e795be6fb472684b6407da1e2191c,64395ea6cd34429c9c86a1409789eb0e,0.96048
5f75e82c2fd24c14a9e3e666f49e73e1,64395ea6cd34429c9c86a1409789eb0e,0.98296
78da5dca302f4cbc847cc1c9d430c6a4,201cee157f9b4a4781025fd4326880ab,0.95764
3aeadf62aee242a88dce3d1a162772ae,201cee157f9b4a4781025fd4326880ab,0.85681
0de617b0712843ba9f26f5ea0b6f8319,d5d36042817e44bb809f26f47e9e32d6,0.97700
8d2d836d91004099a39238db04f1d806,d5d36042817e44bb809f26f47e9e32d6,0.95834
5e6b5fc45c9849118f4989bcf60a41b9,ca0a1594ce7b4b5e9be966a2201a2046,0.97472
fcd29ff1612f4fdf8037e03b83dc8c5a,d610a64f350f4215bd077882c7b301bb,0.99173
f895fe0c7f294c1dbad95aae754af6fc,d610a64f350f4215bd077882c7b301bb,0.99541
bd5c22375be94e1e82d9488f3a633b51,6beebdf34b94492e992fac1386c300f7,0.98527
de15ac5920cf46f694a8a2bf747530e3,6beebdf34b94492e992fac1386c300f7,0.98017
7fcd7415329d4cd0bcea4497b9616591,a1c8b5a534384f9881a26f2f8b69f105,0.90805
da904bedd92d433db6d19f2010c56e82,2583aa8503ca45b4b105e4b0974d423d,0.99063
246645bcebf047f2a51dfed044b78827,2583aa8503ca45b4b105e4b0974d423d,0.87730
03113fef82644d0aa3fa26709c291f5c,13a9ef98532b4b5088e9e408c9eedd35,0.95626
507843ed09754f6da00da29e990b24d7,13a9ef98532b4b5088e9e408c9eedd35,0.89363
7c49568b885e4f5496912fe608814506,b35cfb8617134a89b2d43a5479f2534c,0.91296
1160bf8254484ceea17a9f91df034bce,b35cfb8617134a89b2d43a5479f2534c,0.89158
cf313bcd4424467c862131f828327706,823b52f7a85842ea909a9ef217cbca76,0.86627
d3c11a696e8c49a4bcd4950226f63847,823b52f7a85842ea909a9ef217cbca76,0.81024
62e4c46453d44df39484214b1dcc3adf,e66590ed7cb44bfe95a3403f7d5d9c21,0.76310
570beeb88d4a48769f5edf060889f5d0,e66590ed7cb44bfe95a3403f7d5d9c21,0.88066
ba8a425eb0a54c828ae20e3392809805,822dd4c723054639a649284e16e6a31d,0.74843
e6d569b65b644f9cb05a35b282f09f3f,822dd4c723054639a649284e16e6a31d,0.70407
b01eadf8a5264fc684b87ac714870423,408ec3f510ab4b61bf3c5543a94f7f2a,0.95179
fc7507f7b2a649a99b670e047a94526a,b27a57ffad3645749b476ffb6f517698,0.80224
aa2138393359408ca8974e017d02cef2,b27a57ffad3645749b476ffb6f517698,0.79657
7500b0b20a244ccdbf3ff81bbef97b25,9c297bbcb57b4f3c90cfbe79298b6123,0.97233
8268200e966a49afa792da2ce839917a,9c297bbcb57b4f3c90cfbe79298b6123,0.97588
d5268595eac9476abfc4515b37da422c,770ef043d4f8485389aa9497daf48d2e,0.83914
f7839ffba6d74a3aaf985d992f78b0ce,770ef043d4f8485389aa9497daf48d2e,0.73448
b7948a4641354a45980df8dd20f3c837,80d81f8c1b2149809251e3995b51d8bb,0.91645
75ae30bbc85e4503a1a7e93ab1519182,80d81f8c1b2149809251e3995b51d8bb,0.88447
1671a1c9a4b1406fbbecc3a2028d9c13,ea2d5078de914b6eb7bcf4ef667e633a,0.98752
bf564b86c2644b97b261da79925a9843,7fb16d25c68e4bc18526f4bbfeefe1e7,0.96525
6f9c2776b540430eba9a3afce6c613d8,7fb16d25c68e4bc18526f4bbfeefe1e7,0.98265
7b78692416544095891e5b1096e96fb8,f4c30498300f40acb9e835131de41d51,0.83770
f033353dbb0444789ea33c7ecdc2341b,f4c30498300f40acb9e835131de41d51,0.89332
20dba23b28a44041952a61a2f08095e9,8b8e05a339bf4071895fc5de4e097526,0.89571
831e27a1b7bb4758b655b2e292ac91fc,8b8e05a339bf4071895fc5de4e097526,0.84825
6af31bb65d704ecbab64daced0608403,b967a2746db94a47b8ad39c00311145e,0.92952
c57da080d4c14486a4ae486fb07d6e60,b967a2746db94a47b8ad39c00311145e,0.96109
45457a94f8904a8d839d222f21eaf5fa,3a5da3c5e15744c8bc787317b63342ce,0.75178
b73c1292f50e4ee19fbcd754df6f5ec6,fcbee74bab224e7983c8e23b15542d76,0.95433
ed0f76d7f8db4682984595e322fc06f4,fcbee74bab224e7983c8e23b15542d76,0.91278
5d273e720577409b9ff780b6fc851d01,f0fc5480eb8947e8963831737920a9c1,0.89415
0af218ccd0eb494daa6159a5157fbfa8,61eb8958cb1e480c946699e8fe844e2d,0.98253
b82fed1cc49c40899e90339a9960adff,44764ab4c1e4452192bb40e3308f9d0a,0.68111
4ad8863775ef455eb7984f767149e962,44764ab4c1e4452192bb40e3308f9d0a,0.89292
2076f2c6f3d5486aaebfd718b36fd32c,c78574ede0cc4cbd9293886ef9a973d8,0.84850
ac4cb66e59a547859517319a83efd4af,c78574ede0cc4cbd9293886ef9a973d8,0.94281
937bebb8ac1a477bb3a7c1c39d76f9ec,e2a7145a17094ca8b32206f00e35cca3,0.89703
46c026bc634c41d099fc4f3883a1e0b8,c2059b8b82944b1b86e1a561cc92f558,0.97772
c9b0bfe1dff74072831c1d9f53e8721c,c2059b8b82944b1b86e1a561cc92f558,0.98593
0f818cbe500846df8f22ba88ee9aa77c,27a5128d73b94d16a79a96f5f7e3c7d9,0.83159
5f3ad5cec06549f68331314b514553c0,27a5128d73b94d16a79a96f5f7e3c7d9,0.81236
f6ea86e7d0da4c839fee28aa9fc4f853,cf2a78632e274d8f8423c87361515c27,0.73393
267d1159333147acaf518b5940d23d6c,cf2a78632e274d8f8423c87361515c27,0.70527
62f6c47800e14b68bc0189e8cb73221c,2085855e422f4ba4a1de4379478926b9,0.97596
e4717b987fe644b0bc3abb80728c54dd,2085855e422f4ba4a1de4379478926b9,0.97097
02729c5b24fa485e943a523837b76e88,f6608a907a194547b15aeac49064a4f0,0.95875
d34fe46d34c646abb370df9ea35a3a9f,f6608a907a194547b15aeac49064a4f0,0.94199
46583a7035e249cc9838abc3a6d5bfe8,96ccb70f01bc479bb1dd977d52ee53d2,0.89707
c98b04bfc514497ca011f2466c9eb08b,48d92e6c2ce947feb97575a01e167ae5,0.84174
3f53002b52634d3084744b833ddaa2d5,70e375c7b6f8487ab57c88dbd8d95934,0.91201
efefc02efc8b42a389781b22b17e2bf0,70e375c7b6f8487ab57c88dbd8d95934,0.74183
f12321c18fd642c4a9a3daf8b0bfedf8,4fd67a6d6bfb42deb249467ae81bc6e2,0.82506
8ee3f0e97a1441b5a4ee1420489547d4,4fd67a6d6bfb42deb249467ae81bc6e2,0.79538
3729c2bffabd481eb532fb68f6b572bc,77635db7e1a944d3bc63ae0f41825d89,0.88666
52bc40ec974d44a6b0833137ad324395,77635db7e1a944d3bc63ae0f41825d89,0.98247
1866e1f142a049808de3748631f89766,3b022fbf6d7f497f8be82f0ace81e25b,0.88836
fd5a6cc7c9f346b4a8eb1d456aeaeeb5,b4fe1fd1ce6b4eb9bd2561e38fe31011,0.97125
4b20b86706a946ef9c9037cab2b54de9,b4fe1fd1ce6b4eb9bd2561e38fe31011,0.90489
87566c4b66134c0f97801a0862ab42b1,29b672540ce648b9925e8c23b0452236,0.84491
116648d0db7b441e9394db0a16a00977,29b672540ce648b9925e8c23b0452236,0.85764
9d407091e3aa4f9db885a8db0fe20167,32c967b339744497b8239551db6c4a14,0.82762
4f477aa4ed8746f5bbf7e1e0aee1e7ce,4a9c7e690a3b4ffba7828f52f083d224,0.91850
f7b7f7e17716410389b336e22c8df419,4a9c7e690a3b4ffba7828f52f083d224,0.95534
3403a05ec17640259576f195c461c823,21f0504374a14b35bdcc3d00b8eca3ee,0.96413
f60b712682b340bb94d3c5a91b314cb3,21f0504374a14b35bdcc3d00b8eca3ee,0.97377
1fc1cd8c86ae4d5783594c0bb5cb5088,c07ef72e8c774c048578d639cd1d8890,0.97743
52d8b34b4a1547888a7e215a55c1ee8b,7d0864f1756c471791cd0323556745fa,0.98067
df3c8d483e6347d188f1688334610281,ab102283539445bbb7cad2971714623b,0.71483
33d030cd149742899fe96a8f6b5b1b04,0c2caf737f564096baae64759322cae5,0.98609
6a8c884fbd3249229b253efa60f97bcc,0c2caf737f564096baae64759322cae5,0.97506
d392414474174c7ca1408a0cfc9ce966,b3b641e217bc4e49b6a7ad9893c2b4b7,0.76261
79413b17dc4d4078a014e43f9b063238,b3b641e217bc4e49b6a7ad9893c2b4b7,0.76136
ac13fc7b0309434caf97a991e50b3eab,8f81ff50dcf844ad9adf095791e7d5ab,0.80442
b321e717c51646fbb2d41288be1dc21c,8f81ff50dcf844ad9adf095791e7d5ab,0.95446
ab6c9ce6c1704aff935964882431070a,d48b08b9c01445e1a58c7a8bde4c75d2,0.95839
712d062389254052ba45495f3ecd37c8,27edc82ea5e74d089056073c4a32bfe8,0.99301
e7e27cc64c314b6db99dd9047e7243e4,27edc82ea5e74d089056073c4a32bfe8,0.99100
5148e6655e0748e5aa41847022cbe4ff,3157f3c357aa48edb539cd421feb37f0,0.96516
61afa52b57eb40aea2bb67bd87939be5,3157f3c357aa48edb539cd421feb37f0,0.97748
3a5ebb608f9845c5a6412dc14c5787bc,d91edbec54c74ff48e441b3883943d80,0.99304
eaf30b9393a74874a28541985c219889,d91edbec54c74ff48e441b3883943d80,0.98463
08a36b80acb146ee9365033200edabbb,84dabe36f1314d0fa54d4c854c844664,0.88250
cc4ff6cd33704c2a9fe36aa81f1d6be5,84dabe36f1314d0fa54d4c854c844664,0.96187
8740eaedd9fe4fd0874f6917b965f233,3ec8427774024a5bbf63db27b28622d9,0.97296
3c37e58055cd4a5486ead0c982999274,524f3a74bc3945f3bc9812c95cd761f1,0.88207
6833d914f5cf464eb9986c603b23194c,524f3a74bc3945f3bc9812c95cd761f1,0.96879
292098297a8144d293338f37fdc395ed,5184e109ba9f483a93460f1518908f09,0.97123
50391c4d1a05428c8534e4a748d2d148,5184e109ba9f483a93460f1518908f09,0.97189
9fc2113b4cb649c19e3459f0526b2956,f97b7bd9392e49c193256b6fa627ba04,0.89933
18f1571066ea4af98edb45581e4a774c,48837aad5bac4791aa9508613a435612,0.88347
bb49bb7cba5648148e8dc14f2375248f,48837aad5bac4791aa9508613a435612,0.66575
a048b44e26a54c02aea10b9099c8fd26,50c574372f7647f4b96dd8555c0b694d,0.69492
3fd6fdcb92f74e24bfd4c1c2990b5d73,50c574372f7647f4b96dd8555c0b694d,0.78120
edabdf95ab254809a0a0a3689270dbeb,823c428b7dba4db0aec3688936fb1249,0.74162
af3854cd7c9640ebb61b0d3edfe8a2eb,823c428b7dba4db0aec3688936fb1249,0.89305
43b83bb6ae4e45cbb07cf96eb4751dc0,4861983433e045a699d2da9c399b13bb,0.81447
36524de925204e67bc10e32e8e6878e8,4861983433e045a699d2da9c399b13bb,0.74633
a0460b24dd5a4792b480f71a4dc1fdfe,b07f74e2cd044bbe80389aa903dfb9cd,0.91657
e4907fe96b774b0aa1cd6bc571c9721b,b07f74e2cd044bbe80389aa903dfb9cd,0.92571
a5a14325d23e4735b3e4c243cb0d740f,87f96ebb1d554863b5f634ef6a263a7c,0.76052
b9e75b8d940240d58869e1dfa39396e8,6d4c2e0c0ea64681905dbfa96fee5cf4,0.90868
035d2e3a9a9e45068cd82faf2b4bbd54,2881e71760724f178c17cbacbc664b30,0.75555
85ec3f241bd64939a20920cee21a33e9,2881e71760724f178c17cbacbc664b30,0.90442
773a78f9467c42fc82a496e8b71ee763,d738efcd3c254fb0978795a8a67f147b,0.97115
3a49ee68326c4edc8ea1ada25a661002,2f5607853a584946a574e1596b8855c7,0.95453
c42498a8f78d43c9b068b8432d911f09,2f5607853a584946a574e1596b8855c7,0.95951
13b666192b804a36b93c95b78c57204a,5f36c703054c4a78b60c2d387da0b661,0.97148
e4fa76ba98604fe99ed44195049f2437,5f36c703054c4a78b60c2d387da0b661,0.93798
11d6e7776c344819a90654746daf9623,5ddf78fe914244f5a7e1c38391dba505,0.91156
c743998f1d9744939f284ae04ceb8ab8,5ddf78fe914244f5a7e1c38391dba505,0.95713
459e052694c041518f767b9e90ef47c4,7c8f8e3682c64d3b935b546d843d6631,0.68470
3d5cfd6fad324340ba90dfd8f7057b2a,7c8f8e3682c64d3b935b546d843d6631,0.83740
1ce3def9e49644528964cc67f89b49b3,411df7ed06e4485b8c40190af10406ac,0.76561
c72d9f26f7f04ba29636c48468718b63,411df7ed06e4485b8c40190af10406ac,0.74556
7cfe724c9e6c4b2e9a3cae782717f897,f4f361e7f9614057ac04a37c52ae0c64,0.90941
dba8a86890be4938a9b637b656f8314d,39ce9e8eb0f04b72abe1a9dc16d3b529,0.90376
80a1ec7f37084b66870aa2f6abb6dff0,39ce9e8eb0f04b72abe1a9dc16d3b529,0.84785
7d90e3fa659841508cdaa39249b5bdc6,7ea76d771d654461847f17fbaf143702,0.94614
a3bff3082f354123b6d3e9d2c420ee0f,a7ff0b5ca1db480a96a7c79f26740e72,0.98180
8d354f2d52fa4df4934dd03b71afbd68,a7ff0b5ca1db480a96a7c79f26740e72,0.97500
c43ed911dbaa4445b44040f583b3b1a4,84af072ec42040799a92ee76357cf424,0.95006
939527ad2f6048439cbf5e82541fb94d,84af072ec42040799a92ee76357cf424,0.97076
2b3aa67cd15c404bbda3b827c4f6b428,c9514fa2c11f40a8b9197456900e5219,0.71490
e49c5ab3ca5d4ac89ee40d14c8552cc5,25252eb5eb8141dc850a13fc0d1b78ef,0.98392
6e90e557df9640c1aeb4148477a8a9fa,25252eb5eb8141dc850a13fc0d1b78ef,0.97826
097d9b67d293428481f98048259c61d5,f86ae80a89d54bbaa9ea35d006335208,0.98459
35d06b4dbebb4bdf8d212d1c16182da7,f86ae80a89d54bbaa9ea35d006335208,0.86425
5ae43dc1c7094d9e97b1a55fd7ac53ba,cfe3dc5c9544472e9daa9048cdcb96da,0.81822
aab33f54b138441eaa0da82cd4824de3,cfe3dc5c9544472e9daa9048cdcb96da,0.81259
4512f4c9b4fe404db8a932efb6195c12,32848c7b93c245959bd9370cb770924b,0.97803
fe8d6762b9c046ed924a0a7bf0fec396,32848c7b93c245959bd9370cb770924b,0.91400
ff7b1db4a0574061a8d4ad01e9ba19ac,ae14e712d07744f6828833db1b2007ac,0.99268
ae7dd3735af6464db0314539a030b083,ae14e712d07744f6828833db1b2007ac,0.99370
7c79eeaccf1446bab70af46116f1b4de,1717056f5990440f93c80c7991a1e47d,0.87893
ed46b5ba41aa4f4bb039a585cf0d4039,1717056f5990440f93c80c7991a1e47d,0.88276
c94dda00b462494d9579460447f828c6,1c5fe26ec86147c7b52bc89cfb09bcb1,0.88664
04973b4a123344b2a21769418c0da4a0,1c5fe26ec86147c7b52bc89cfb09bcb1,0.88726
10f9784e2e584929b87b25d8f206495a,d787c808f29342d1bdb91169589c5d1f,0.91671
7dca89301ff7450b9e1358cfb3b1b4d0,d787c808f29342d1bdb91169589c5d1f,0.68714
e5a908986ad646588ce474f19debba2c,bb15341678a7422696f7f8c81ab6bf48,0.84301
ef1721efc50346e3b81c5d5d869261cc,bb15341678a7422696f7f8c81ab6bf48,0.84804
0c5d4c759c2949c28562427b81548c10,8e0ac84867c1483991df4a9989a7d7f6,0.78706
96b88d47262a4c3f9974e4c2df012c06,c943bb4457fe4116b5d6793048a903bd,0.94473
d65ac03b8d0f4fbd92e5d65a24d76e6f,5e9a3988152c4aa49e0d5e8191201bca,0.75229
e0af3a91b4a34c8ba985c5ba926960da,2cff79f76ef64acc808e977fa2aeba0c,0.97896
a42d0525beeb4a4b94263122f99ba83c,2c32f090af954a13a48c92d7f45f38d6,0.96304
a1f2d1a9b4d84e719b76c30480afbf84,2c32f090af954a13a48c92d7f45f38d6,0.94214
8ce533e3abe74cba8d718be1d30b7e80,33cdf405a85142d29b8db4f3ee47842d,0.77191
75761d88031045e3a6ee7772511e5b42,33cdf405a85142d29b8db4f3ee47842d,0.71975
c5c08b94d6cf446281db648048d4ec9b,6b4cb2406ce74f808723cfff67cb5ff1,0.86832
333138565ec248a8a0cb815f35961162,6b4cb2406ce74f808723cfff67cb5ff1,0.88857
4eb64b357322447c8e72d068be19534d,f0800bc5b8744885940d65b0cde78883,0.83563
d8caa920d1d042fca921897d69f0a726,4d9832d64c20483a9b34f85add0bb031,0.89845
bdd81c612d79477693a3401a32d5b10d,391332c620834e4da0b969ed3869c1d8,0.91294
3055673ebc9a4bd490ed031812bf874c,391332c620834e4da0b969ed3869c1d8,0.94445
8ecc68f002834b469130fecc451f3326,9ab711ea3c8d43dba69ae59e77264b03,0.96192
5d8fa3d8796943ce81575da88972f1d8,9ab711ea3c8d43dba69ae59e77264b03,0.98263
c53bb9ea859044daa4ac65d589653627,3d6a536c027545eb8e31817b11e7da97,0.97296
bfc1a51281cb4c57b678042c808bb722,3d6a536c027545eb8e31817b11e7da97,0.95472
03b2a88771514eeab275526532591c85,5ffc2a5cf7a546e3b5b41a040cfdb2b9,0.98732
bd21ca88129a4c5d899190e8ad4e90ad,5ffc2a5cf7a546e3b5b41a040cfdb2b9,0.97788
7fcf1b9d5b3542258d48f565b34da6c0,d78f30df5b194025948c5ab55ae8d28c,0.82421
891e9a8c0af34556ad6ea51a2bcce106,59d608d88b634a03ad5380986e29c0cf,0.90205
18ba3f29ac314a92a36628e6f5f9ae2d,e123c60f52ec4c5bb9d93ec33db5ec19,0.79073
9cab3907fa114467a7ab0dae706af5b9,e123c60f52ec4c5bb9d93ec33db5ec19,0.78946
3cd623a5ca4243d38352c2fc3c13cd9f,6ad2ca15cd104910b3d4f087c0ef4c0f,0.96214
412b7215e4884719b2331cdff153157e,58a8bdeb687a470fb02413e864c83de4,0.94331
caf9c73677b64065bceb57851aa89092,58a8bdeb687a470fb02413e864c83de4,0.82859
4cbcfe9c130e45268c27d9bbd10efd32,8c96523f85eb44f2ae36229551e6845c,0.90490
118df9b83a684c3ca79616dd4f02d1ba,1ab38807b0784c959dc98fb653a176d7,0.91780
b730e35f69034de6bda0092652a74464,1ab38807b0784c959dc98fb653a176d7,0.91773
8f393721286f46fa9256d33569ab0539,ae5aae2d00b34338b5c05f2204a3f6ec,0.81771
9ebc8d29ff4f4a5d83e45fe1331978af,718b4c80e67c40c0bf37d54053636f0e,0.97263
3d05ad2d3f7a444f92a5f2d6e2bd6ca3,718b4c80e67c40c0bf37d54053636f0e,0.95447
2ee02a0e4b2d49f79b420b463818ddc7,b23fdb0e92d0461185943a6990ec5f28,0.92027
f5e66cc4ac7048f9935c460c1ea82658,5a489429e3cf45b8bc22bbc9e29ea329,0.94138
bd958f85eb904d069c9614acb4d91c3f,e4a5a9344809498c836bbd6905a6b304,0.84780
a890af5e587f4a8797f38372db2901a5,aae1ddec128c4b6bad708752dc04d4d8,0.96975
7602b1a810094f54bee57ab14fac50de,302d758f299f40c8a5a427686f851bec,0.98213
ea565ecbd8d54cc386c492d8fdeebc96,cae0768c2a654e479f4613cf9783212d,0.91987
34122c9ca00245a3b664e9ce90305f58,a3ffe0e2d8f94e008eb15da15c42fed1,0.87745
30e5ad5c779f4208b7dfca351aea6f6c,a3ffe0e2d8f94e008eb15da15c42fed1,0.69942
944dbf53512c45eda5381d04c1edb725,754af73edd794a55af619e4961174abb,0.88344
5690e21b7cee4d44a180b823bd62e34f,754af73edd794a55af619e4961174abb,0.95700
3e847436bf674f5dae09f59658b6d472,954b5da485f94634a090640b1ad5d37a,0.93802
d6ef99941673415d829958bff1fe73e3,d050e0e59f51416bb84fc8c61036c3e7,0.93634
9f9001e1d202452984263dff5062d686,35c50e9bda0a40c6a281cb7a6bdb02e4,0.96169
f9524d6354dc4d98917959383f10ab72,35c50e9bda0a40c6a281cb7a6bdb02e4,0.94388
7b8759a33ac145188a4cf96b9c5e0d4b,9a84be4df9504713b0c2a1fa970232c0,0.93207
64a9bec33f0e4b21b1f9a0c8f8504741,9a84be4df9504713b0c2a1fa970232c0,0.91874
2fa246b5833d4a57a4b7323eb04fc48d,1b4ab30599ea41178b775b81f5f6265c,0.90762
4b90daade9334addb76bf838887e1430,1b4ab30599ea41178b775b81f5f6265c,0.98633
f13bfad02a3548b4b6af2f310035cd4e,035d3a945eea48e4a68ccf6c382d6a05,0.88558
1ebe1f72da714834b7322f8c10ae77c6,035d3a945eea48e4a68ccf6c382d6a05,0.85829
61519c8ee8e5468885a0d25453ff08b6,46ce7a9190ee4f39ab14bde724c3bf1d,0.92856
ec5695585f904fee82d0244b723a56e0,46ce7a9190ee4f39ab14bde724c3bf1d,0.98918
9a36084f91414ce3908fe2daea281125,16242516365f426797c7b7ca320725d1,0.70218
49c2e2c877734253a217f64954575d33,16242516365f426797c7b7ca320725d1,0.71778
bbe65479307b4521831b105f33feed82,b7df9142ca4e4d52902384f4f0648406,0.83915
eac25a2837d04f7e9e1a5bd4dc8c9f16,b7df9142ca4e4d52902384f4f0648406,0.98686
99854cf4f9ab44e8996cc50dedcb670f,d4768d0fa2c646eeaf6d02569b336399,0.94177
5a80fff2b8f94ed0ab80e6086433e434,973c4cf7fd574598a4b23d57d7b4d38e,0.78405
5e389dc2a528466fb2c87512041f12ba,4d47b5ec7f0447dba56ef407f2e780da,0.89022
97434eb9aebe4b8282a6220316ff3500,4d47b5ec7f0447dba56ef407f2e780da,0.94082
db427418a2984d07b9fc1c73468acecd,dfccbd3743124757a8e2ecc5b0e2aee8,0.66927
a82e966b73ae41d98dc675e8a09ae3f8,dfccbd3743124757a8e2ecc5b0e2aee8,0.95679
77262259c0524ee0bfe675faefed75d2,317b319c62354cc88407d820846070ac,0.96125
ef17e893a9fd47a1b43ca7dd03b92490,d30270d862d0457a995b352f49081a78,0.66172
3e0448c0a69b4deaac16da520fdfe64b,1d55fd18105e4b078e18be97715b4eb9,0.67563
f48870ba011a49cea2a2fb70b26cbb89,1d55fd18105e4b078e18be97715b4eb9,0.83737
28fb9852c0334c418fe52b5c48dd1cc7,15da14bfc30f46749c668fdd827b51db,0.89420
1862572b923642e593fdbc54d07c75b5,15da14bfc30f46749c668fdd827b51db,0.89533
4ed258b6ca78451aacfad78a884f37cd,ecb4d58dffb7482fb3cb1be3eef9f85b,0.93429
951ed6910dbc4e53ba29bad366a9f67d,ecb4d58dffb7482fb3cb1be3eef9f85b,0.93188
e275eb0932874740bc8cc428a49c71d0,4e044fbe8bda4746b6e6d99a90f72a16,0.79609
6278a2eb71e14643a0c9a6feab15ac17,4e044fbe8bda4746b6e6d99a90f72a16,0.75098
3a9bd6ed72e64b59bdcba0c12146f7d2,26b1e83abe0f4ac985f06806f2c11016,0.86974
63a9c4c655ea428b9678c8aa9e950a55,d5a79c60388a41bf8f0437a7b730e83d,0.98011
892f141bbed2420393e95bd83ed7e605,8ae96fb46d6f4c6ab176b5de4c6ec0db,0.92380
3344587085f64e8aaced00707f516f56,332b481b45464c1390d27b3272af8910,0.70907
e79b88532ebf43adaea4e2ea837953ea,332b481b45464c1390d27b3272af8910,0.89903
c15871d1310247beb381b28f1f8b614f,db0928cae14646e093c03b596bd12110,0.80557
84179c9f4b5d478fb0ffe4f5efd55ae3,db0928cae14646e093c03b596bd12110,0.82786
d95c43304bbf44809e55907c2de67687,cb7822cc7a714e2d93ec38efd519fcec,0.88303
c8788f6368584685bbfd4a801e3aa586,cb7822cc7a714e2d93ec38efd519fcec,0.92113
09f22b63bfd2401196ccd874a2e40170,8be751787d654e66b52d91dfe4a9e0c2,0.95904
0229aca11e3c4d6f8b83e95a99fa9846,8be751787d654e66b52d91dfe4a9e0c2,0.88412
0a0bec41e06e43c686baa1dec47e5f74,1146facc523547958fb39aa8fbe401bd,0.94945
693f5f98cfe3479fad83ccd690f588b9,1146facc523547958fb39aa8fbe401bd,0.95189
8c29837d2ae44221b4686824d14afd3c,cd88cde3d7eb401080aa4ed600a0b7b0,0.94730
0cecebf83dcd47658de6286efacd1e8c,cd88cde3d7eb401080aa4ed600a0b7b0,0.95441
ebd681e0ad424f0eab3cf50912fc8610,219ed8dc0e7445d6a7bdf643d74db3e4,0.97198
35bba08da17c464eb903148dc5d87628,219ed8dc0e7445d6a7bdf643d74db3e4,0.87164
5978ac7fad6c4f7bbe4e4f42aa2fa1e8,5b039d7c795f47879a37b2a03faa9c43,0.98196
8aef266735a4495c8c6f759af9a8386c,27988117685d4e1ca02c1f3885f42d12,0.98050
c14447dc14454e699e654d4ce50ae926,bd0da21af8fe4d4d86b5655bbb210e8e,0.94704
186e7f41314044328bddd776b9ceeb44,bd0da21af8fe4d4d86b5655bbb210e8e,0.92307
0ec62ff2b2af420fa5c049ec436aef2e,692a33577bab4ca3888ef05d9607f183,0.69879
b0a58251c399441cbc77cd05cb6027a2,692a33577bab4ca3888ef05d9607f183,0.93846
f5720961b33a4dfd87f4700c6737e345,a0fb456e339b44c7b6a5fea65a7ef66b,0.80334
6856092d227941509e7d83fc3b17b2db,a0fb456e339b44c7b6a5fea65a7ef66b,0.83718
fee9c0d0b2064c529039d61b3b1d3731,79c228888f1f49c5b2b39fc9a9ba9d98,0.96010
3e6b04e9c98b40c1a2fa7e5180e2f9b3,79c228888f1f49c5b2b39fc9a9ba9d98,0.91846
c7ad240bf20342a5bfd49b67e3ca40ff,26746c3a1b124f318f0994de23868e4b,0.97869
1310d9c1caa7436aa73cc0a965ab4bf3,c80243fc13534458bb0b5ab552c1893f,0.92416
d933ae06c75e4917aae5369b5a645e94,c80243fc13534458bb0b5ab552c1893f,0.83390
20535155b09e473995bbfb2b70cd0088,80482b07ea7e440c9cfdd06bcaccf32f,0.91300
5ae02926d29d41829eecb94181e95a2f,d9dd0cfcf77f40d7812d99cbb0fc98a8,0.94739
e9365cc277eb43d7b691f5772c2ff2d6,d9dd0cfcf77f40d7812d99cbb0fc98a8,0.94740
47c77cd2adfb4d73ad43178a15c42b84,b8e38b7e31b346e1929344de34bd25ad,0.70424
996526e23a03475cac26ae90af0f70fc,98389adb4425425f83dd216cd6460ff5,0.69860
9f1782b3fc3c4440a63ad0b8a77db827,8e24c4e551444b2280d8e322220ef03c,0.77166
f8841bb6923b4cdc92b4dff2b9dae49e,8e24c4e551444b2280d8e322220ef03c,0.91999
6f45bb2ce86847d6b9bd4175d0e1304d,cc521ac6267d423c99ba5023df84cc57,0.85637
1ad2534e87234e6781ee9a4e79e41a9d,cc521ac6267d423c99ba5023df84cc57,0.68839
a176d5d82627466495d8bce23b33428f,76d4f197b26d42558a5f12dda7de846e,0.95861
779d51c44a38485c925d6cec276674d0,76d4f197b26d42558a5f12dda7de846e,0.94621
2c58c0c9438943b0b0a9623649f64a20,9fae0e5ee5fc4c7a81e16b6d197da5c8,0.98107
e1b8ca53e5504d7495c3e259423663db,9fae0e5ee5fc4c7a81e16b6d197da5c8,0.87767
5253c8a74f094dab97be64c1342d559c,4b02c267cfd247f4a5ca2a61307ed2ac,0.95953
514186a4827343f191cd8f9522d2dbef,e173b665b18b463399ef9398fe19bbfb,0.94895
d8d7b294c4bf45b28b61be878e5996d6,e173b665b18b463399ef9398fe19bbfb,0.78821
20150b1d4ab44bf7900be0821a256bc3,b63df0372bbe41c2a0e9e4d46b750555,0.90554
6566af75e5e64e67b444c369e55875e7,b63df0372bbe41c2a0e9e4d46b750555,0.93629
1398a279681647ec902e3e9616b7ff1f,0f7e7d72a596435cae6572a106cb31c2,0.88866
7294a4bdac5d46378e2e781259adb5c2,0f7e7d72a596435cae6572a106cb31c2,0.84419
7b57671cddf444e5b8c48414a6f38309,93d6d23a8b4048d7a0fe13ba8b41c35a,0.86955
0d3b96b3dbfc4139b23b74f435f81735,93d6d23a8b4048d7a0fe13ba8b41c35a,0.88166
98cfd66705034edf8b2932673e64c24b,f07e870d1bdc46d2adde0b599560edc2,0.97157
6b6282bd84ae4a7a99add11800812337,3c671fb948c94239a1f1a171c4b0edeb,0.90062
843ed72db398499da9385c6db9c87511,aaa5b9bc9120444d9f9ead2c924c2c9b,0.88706
b6fb4da71d53476e84c185e9372a92e8,aaa5b9bc9120444d9f9ead2c924c2c9b,0.91840
a39686ca19aa487d8c14d1fcfffbc84b,98819313e30141ccb9f249dbae16f6fb,0.94142
6c325bd14ddd46e9aec03acf0755eaa9,98819313e30141ccb9f249dbae16f6fb,0.94195
21747e618d8348d59e9cc70415ef4685,b7799eac5745416c9a54f78bf8565829,0.91932
481c598180e44e18ad772348e04c8597,b5d548becbb3460ab5f92657f4412f75,0.93354
2020ad71f52c4c8b8192afd44eda0eb8,b50184f7929a4f67bae3793de6ff432b,0.95965
11869e5ff68f47a0ae5295cb9f7df349,b50184f7929a4f67bae3793de6ff432b,0.97637
a25570d747bf4511bd3c48fd67664764,c490f8d9454249fc879af4915fdae3fd,0.87254
185a31b8596f497aa59f13dc58658c0e,461c890cf0fe4455aae89a22a44562cd,0.95165
ec2df94fa51f4751a9e3742609af1414,a0b23dd893344f91bc64137992801e1d,0.98211
a1d22da89d4a4489bd0b1f65e4d3795d,a0b23dd893344f91bc64137992801e1d,0.97858
ce22d2602b3544178a443553a4d06447,4508773cdb6f4e528bb20ff22d4032fd,0.92809
6e255b603503408b9764a5a987170044,fe806d7e6fd34825a890c4a98dab3edd,0.83188
3a47d52c433448c38cc2845d96b56e5e,7d271b25c2cc4ddfb24b58c395de0d28,0.87164
d495239571b04ec783f8384fa9136583,43f846734d1f4e8ba8a77837e0e12f33,0.83491
2a942bee1cff4b169ae4e6d9bfffbb76,4eae92edda1945649c35187380ea74ad,0.81186
d176665078904f0daee58083f0cca212,e93d55f4704a4361ae52db4e778b7f4d,0.95323
267165bb3ce9402c974d4582c67cca2e,4d0ee1e00f6741fbbaa430736836aca6,0.96191
919f3f096eb545b18b78bb798cbc9817,6be74ea8ca3c46f68a9067ff1d2fe02f,0.85858
403553bb125847319001d50cf55e3824,6be74ea8ca3c46f68a9067ff1d2fe02f,0.89646
b686c96d98664731843463579db08f02,0380d44a9aa44f9a9bfa8b50764adf32,0.97854
5c2cd07209744d4dae9784e5b1b87be2,0380d44a9aa44f9a9bfa8b50764adf32,0.99008
d798965d8fa04306945847ca841aef31,3ed4c3cc7f894ef0b55e9567febe21d9,0.97698
51417d39c6324252b3fb0d95b0692cfe,e85f5f26e70c4d5886f8dbf1c7d9d7e5,0.84865
85fc1c12d3fd440ebb121520976cb43e,e85f5f26e70c4d5886f8dbf1c7d9d7e5,0.92681
fe70a1b0d1ab46bc8fb1674e61125913,8426ad731c4a4f2b822c567b8b073aff,0.98939
68b5601452024228a80a35bd9c78a92f,8426ad731c4a4f2b822c567b8b073aff,0.97829
ea530c39b8f2414ba36fe72860c4b888,8426ad731c4a4f2b822c567b8b073aff,0.76580
bdea9b65a0294cdda27f7e7d3b9641bb,a11058499c594e04b8b49a565dc0c517,0.92374
ab84b585b6e146fcb5cf95b9a8cc44b8,e872ee1c5b3342cc9cfbfa420a9c7056,0.97056
6d076a4ec75d4d56b3dcc27bf0a70429,e872ee1c5b3342cc9cfbfa420a9c7056,0.97647
cede7b85f7e74b6382269d9af9ec6381,4e692cc667e747bdb9e7f7c971dfc685,0.98188
f723c789224a459ba31bf9af34d91012,4e692cc667e747bdb9e7f7c971dfc685,0.97569
3243224b39be4e33a273426b06602fbf,3e984d26d9fb4beba80dfd475b63bd10,0.97891
314c1df83a5440d5bde1a31b3570587b,fcb6057450fc4b069638328f7ebd5fe7,0.72832
edeac5260019462680d91fab862adfa9,2e0483b974c24a5cac374b3e2c6864dd,0.83935
539d6b39c6f04384a3f093151a2ce000,4e5e3b5ed5be4ec49817546fcac1e91a,0.97482
80b810db89234ff0994c9fa0b7d5808c,4e5e3b5ed5be4ec49817546fcac1e91a,0.97322
d637e600ae8f46168844ee768006e28d,d2ba18eb9cf545b68e23df75c6e7d09d,0.99041
48865b67661d4a4cbe286bc772f260b3,d2ba18eb9cf545b68e23df75c6e7d09d,0.98971
065e9ef1b9bb483795b5cba866976bd9,5ef3ef2c31834898acb317e1a7d4b058,0.96949
97d981297f384150ab0d5cdb7291efaa,8aee74fb4a3e44719132c0aac68b6c31,0.96290
ddf7f91813ff4b24aca7b8665fadbb19,8aee74fb4a3e44719132c0aac68b6c31,0.93920
b628dccfec6246179425bcdb04af6e48,93f7588097634317a76f39c5f34ef2a7,0.98284
11e1bc04994b44da9f4109937c588aac,82becd6a94574a1ca8c2427820fbc11b,0.96758
6f00c847b6944049b947a0987c4ff02b,82becd6a94574a1ca8c2427820fbc11b,0.96073
31c53471c1d24753bbc42cd8b95436b1,556b0cf62f26426fb3ac97366071dee6,0.84736
94ce0e6610c04d068b2a560474cbec67,df96c52af8ad4698bd245a617492444b,0.93815
1b1469d98377499fbdb5fe34709da9ca,fb13feb0cc1d4bb7b851618fa251e5dc,0.96357
20c3ea45159843bead2e700bf4eee80b,f0b6799dc0a24e0e87053418bab855df,0.99320
ce0fe4de23a74f41b8f95baed34539be,f0b6799dc0a24e0e87053418bab855df,0.86367
8d0c4fb38bfc4df1b6e1e6cd5aa7729b,2a94b5bef2354f289bf7f793385a3479,0.98838
0f44cb1859a340f6bde375bad77e9889,2a94b5bef2354f289bf7f793385a3479,0.99236
31f591cbdd2843978c6880142344ca55,3499d8244d81446f9e171f4d0bd5f17f,0.88533
649f7a353a2349cab8e998ef0ae128d4,3499d8244d81446f9e171f4d0bd5f17f,0.88377
7e3a9c30522f4dc9be323ad5e5b347fe,d555460352564e23bacbf10e317d100c,0.98941
8d27ed6a2d304c3eada9111e8d1acebf,4e757cc9e8bf42b99cc7f035d65a72ae,0.65946
69952319b54c4e3cb17fe9d7420939f5,4e757cc9e8bf42b99cc7f035d65a72ae,0.65805
069fed2ac27747dea92a8e2c93c54607,4c8c1aa2dad94376ad57bce8df700de5,0.66376
52af21f834bd4d4d90f0626e99fb017f,ee50949bda1242a6b3d1d6c28080e6b6,0.98565
7a04dabe630747878a0e1f6cce4f5d09,ee50949bda1242a6b3d1d6c28080e6b6,0.98838
3bc8aa93064144588c3d217a7e4a6012,26a2ba8aa7b34bf0bacf1e04f3150e19,0.95616
eb62b6d920a74336afeec5136ee463f6,26a2ba8aa7b34bf0bacf1e04f3150e19,0.95700
ef20bea6a6114cbfb6917c95201cefd5,df0925e1dc354fde9f102a815e1995a9,0.73920
0f7227664eb140ae92520c6b0912cac3,df0925e1dc354fde9f102a815e1995a9,0.81834
f9c7ef2ab7bd4a8b89794e89aad3e7f1,df0925e1dc354fde9f102a815e1995a9,0.71904
1679c1c5676d424cb8510bd11dfbd070,8ed98f4c27fa40508cf5c446cc507151,0.95540
71ce970ba6b146a3ac39eb1d6f64fe39,42f86449669d4e0883bfb397fbed8e4c,0.95103
deb7570b0f1449b88646d5107477946e,42f86449669d4e0883bfb397fbed8e4c,0.92271
c259ae548ff94bbb99f9aebcee8c88e0,66ae0c26d89d4792b6dac771ff733f1e,0.93491
5bc1fcdfa432492192e3987a8b323cba,66ae0c26d89d4792b6dac771ff733f1e,0.96905
bfe5d8a58d4843598a60935d8ef96e88,9fc168b58352421f8f9d12856406be63,0.75749
7b477012486f4fce929ae4b118b07781,9fc168b58352421f8f9d12856406be63,0.97061
b32d0a9bbc3b427684c1e99c1db1c8b8,450348f48d8745738735bbbb0a02b9d9,0.90851
01d60f6e097b4f53afed1724c2accb42,450348f48d8745738735bbbb0a02b9d9,0.91401
9c30b4787cdb4f448937e694efecb2e6,543b2d868f0b4d0ebf8f74eea362983f,0.81588
1728f9fce2f5458486407a9b26f25502,0eb755d8c3f249c79ef2f865b7ee8d62,0.83824
79fa9ff914364f36ab8516281cbc7f27,248359b5f0774bef92c018e486426f87,0.94379
b73560548588499fbdd8e2586615f53b,248359b5f0774bef92c018e486426f87,0.86434
92d20f3ed87c457c9ce41aa010bcbca2,c0ba27df801c49edaca462a5795db241,0.80560
59520dce675a46ffa8e6269448a1b77e,c0ba27df801c49edaca462a5795db241,0.78743
a678110966a6439388a2af4b1a05a0a3,952f4c3c091e4e08bbc484b1de88a8a6,0.69648
2a2db86f50ed41219d4cf843470383d4,952f4c3c091e4e08bbc484b1de88a8a6,0.66832
bedd213461c64f89b3e93703a6821219,60dc74cdeb67417aaa4f08ae7fe449d6,0.76526
f4f91d202dfe4b5f91ee0a5f926381dd,60dc74cdeb67417aaa4f08ae7fe449d6,0.97481
4b923259dd0e4e2b882a221e52b7ee20,f5419a72fc684d87bff63f8dceef543b,0.70459
cc82e5696cd24c1aa72b85cc7322856d,0ea959d77b0c4ce9bdedfbb3678469bb,0.76949
d92f73478460436287ea48b0f407b1ad,4772c33b785046248ca4e9276962da24,0.81516
0580bf9012ea4ff59c557c382db1a55d,0478c7a79dd9449e9ee923d5be9cb371,0.98108
05692a643d894b8fbe682e36b83e22a6,0478c7a79dd9449e9ee923d5be9cb371,0.98058
ce2cd21c9835403d9bd52a4ffe210105,48950f2161a64e7180e638cea0369236,0.78166
68c16be76a214e5a8ae4e56b67f1a2ea,c6f619c0d3574dee865c7b12faca6855,0.97429
48491886eacb455b9cc329940c6b990c,e18f39c7c4df4812891ba4f07c24e48c,0.98146
462305c1dd524a7fb1172cf0e58be202,e18f39c7c4df4812891ba4f07c24e48c,0.97065
e24f9aea158141d3b9112d6b3f9963a4,0097871ababe469eb2ff1dc0445baf6e,0.87279
b423c03bc1874a819fee2be65b341155,0097871ababe469eb2ff1dc0445baf6e,0.84612
c421346755fb4a4ea7eb0787c8ed922c,ff85a3382ff444ac9550fbadebcb955f,0.96418
0cc5640a914748c4abc2ba935a3e5801,ff85a3382ff444ac9550fbadebcb955f,0.95757
d6223946da3048359e16739c76b1ba03,18a3d234b58d44fb80c152b081cc355a,0.96852
5a093786597d43a28a486d352dfca619,18a3d234b58d44fb80c152b081cc355a,0.73288
13ee126070b74d729cb63a5d689b1e41,5940de2772844d0fa103d399bf10308b,0.73052
a01c83af23284ed08a504f9bbf776d6a,9566fa2e6c2b404e8a4301424d8e333e,0.90086
b1063a3ba698493ebabf38471ccb741f,f49a5e3d176a41dcaec3ca6c16fb2aaa,0.96980
f51eb8efd12f49c1a9e3137970dd4ddf,f49a5e3d176a41dcaec3ca6c16fb2aaa,0.80782
79cda99eeb154a8bac2e344a26741c60,8036bdfbebb248469d90801cb16a5dd1,0.97458
2a31126efe7a47a6b3243991f636a50c,8036bdfbebb248469d90801cb16a5dd1,0.84535
e0a9cdbf8f1442a8a4821a83419dd7cb,a361da5883374188a7eeebe550704fb6,0.86420
79c7d4f1566e42398492d85cae6dd8d0,a361da5883374188a7eeebe550704fb6,0.98148
17cb0c526df24028b745960aa09d9ee6,03db140d92ba48ee9a1377a1ca874b18,0.86187
06a280e7fa114f48b10fa1d8ab85e5e7,03db140d92ba48ee9a1377a1ca874b18,0.85039
ea590442a5bd4f959b26d08ee9e17cd8,05c628b564d54a5d817f8560a48e478d,0.81101
85d64ab01c4247f896f010949d96dcc8,6a6d873aab404acbaeb2fabef64cbe59,0.90757
b29b574076e14ea391d752d7c35f8459,6a6d873aab404acbaeb2fabef64cbe59,0.74593
8c8c932f2a034948a1a6931f9aaf6377,b99f81d9a2124d0495335e19b01144e3,0.98229
5769521690f54159bbc8d4cd089ba876,b99f81d9a2124d0495335e19b01144e3,0.99395
46beed64d2cb42c5ab8d8280dc2588d3,b868e5a743eb4f168fc18dc6dafdeed7,0.98017
f8baa774a4d04538a3368071943e7022,b868e5a743eb4f168fc18dc6dafdeed7,0.85706
a75ae45b5a6b482990266f646c996ed2,e438b5b0c23a4d19b8a19186a5069aa5,0.92946
ca3edb4950404ecc99b7dd47f80d838a,e438b5b0c23a4d19b8a19186a5069aa5,0.93364
d9da0713946d40cdab4af7b50ae085ce,a1a4d3f3efce4f20b3a308fa505a8006,0.71350
8096c21e91f44ffe9366c00f36356e31,dffdf1af981e49f0a673e2483f103b04,0.96504
4f68435022df40f4b6e327eca73ee8cd,dffdf1af981e49f0a673e2483f103b04,0.95686
64c24c07f5b04e16ae505bb6281e0529,f9f6bfe18bbb4deba3796033d6a5f92d,0.92494
b3587edca496409a9381449204827b43,f9f6bfe18bbb4deba3796033d6a5f92d,0.96065
e72b70ee51e54c5da5d0d578f004cf3f,2439c792633c4a08a1573dc8d4d77006,0.96922
b96f4a50de4348aab68fc164865bb436,2703a690588b43b694857a01f3700eb5,0.96071
a9feaed44012435a87ffe826191d99ae,2703a690588b43b694857a01f3700eb5,0.95223
9ec379b4c5b54f059fd125b7aaa0e4c9,65b24ba1f81b431ebd2197a398bb7406,0.96893
55841f4238e942a68bec2d9400ab9633,598873f876f8435eb1bb3c53088560c0,0.94202
4d3437f3913e4f6fab21182453c9987a,598873f876f8435eb1bb3c53088560c0,0.93686
3b5ce3d53b0c423bb7b504c7b9ab0862,f2824f3431ac46c1b9259ce8b8ebde99,0.94457
23f7d5e5479140709f0a2d2776faba8c,f2824f3431ac46c1b9259ce8b8ebde99,0.95703
dbdb963a5ce64412bee3c14cf96d1325,7efdf9796395421299f1797215bc71af,0.97656
6b9b6ca6105342699ef0c88d3817bb99,7efdf9796395421299f1797215bc71af,0.98040
e3bdf621cfe84d7faaacd7f9ac2d14af,617d468e9b854d6085ca6c2e3522c2f3,0.96071
48d649080c4641c49118ac97fdfa6b41,d562f1e26c7a4c85b7ab8532401e5797,0.90527
ad19cccbb6874ba0b7931906436a6998,eaf046dc3db74e1a830e1765479d4bc6,0.87279
0073c1e071e54069b4786633e678cd75,eaf046dc3db74e1a830e1765479d4bc6,0.83027
415f75521cb0436a8521b27fef4a09c8,e4166069ddc74d09b790d5dce3122a0c,0.75774
901f8db0d05a4b38aeb7e28973ec83df,e4166069ddc74d09b790d5dce3122a0c,0.98544
32b564f3f00c4c7888f60e0c129c624d,f86fbb195996443aac04585927734a77,0.86431
7dba07eff9e64b4dad8812c29fef620d,f86fbb195996443aac04585927734a77,0.86891
f3ae1dd3ae1945269c099a3f3cc043c5,385140e7679d427293393f7639a01826,0.89598
89667e1d16d442c5be23ea04da6cd4c0,385140e7679d427293393f7639a01826,0.96899
458f6f4d7e8c40b5b56eacbb5f7c0ede,f9e088ead6a546959515c3f5da9789a7,0.93721
21fa6fcf1ffd454894d65c2afc9997d6,f9e088ead6a546959515c3f5da9789a7,0.93474
cd5ead4f82e646c9b4dcad5123ea9a4d,f5f35d50a9ae4cdca53b1d0c130f9acf,0.88206
b559d94254e74be59487d003549a889f,f5f35d50a9ae4cdca53b1d0c130f9acf,0.95037
8fd58602f10b4eaeb0c654ad8df556b2,46ae8ab0864f4032b6af26e8fdb0243b,0.97351
234eca8502e4400089862aec60b3d55c,46ae8ab0864f4032b6af26e8fdb0243b,0.90751
b52ab2f6152e4858924590e6d3c673c2,edd875bec1394f2d99f2ff36662f0af6,0.95824
32473c35a5ee47a781101ae80a68d1bf,edd875bec1394f2d99f2ff36662f0af6,0.92955
23e97f018a7e4542ab8d52204592fec4,394d91aed07147daa6f552bee00580d1,0.85946
93237c2265ba4bfc994654c34cbef183,c60b19798e944b28ab4414dffc18192e,0.93866
5970d0cd9e0a4b6eaf9d65b72c2eee2f,5edea368e47e47ada4673bb993eb2206,0.81750
9282446619c647c49db55c8a39fa3fec,5edea368e47e47ada4673bb993eb2206,0.82304
96d32aa9eba544a688e2a68ebc0486a1,fd8bdedbe875496f96bc99c47a298db9,0.92797
7a5636184ba94ac497d428409d540588,eb3a635baf764411a9f67809a3986160,0.87120
7f6a29c0ab8c47fcafa8e19082ffdf71,eb3a635baf764411a9f67809a3986160,0.97382
5b0811a07afe42e5b0312d878b5cc294,d21059171d744954ba908ab10e029c29,0.73295
608ad2f895774fe48bc3fd398e3beb5c,c6cba89f878247b1b57ffdb97a807dda,0.94961
0c98fb852faa41c0a38c57ab3ffb0146,c6cba89f878247b1b57ffdb97a807dda,0.92303
6f0ab3990b204af9b25f4b03059d268a,d2ba906062404be288520c69f00cc310,0.86008
be35dc86b1ac44a698758da557b4ece8,d2ba906062404be288520c69f00cc310,0.91793
3b4c9a892f6e471e8fff61a2aef8d577,c15ee2d1850f4b7093dcc2131bea5934,0.89339
14ac3aa1216a4f42994078e60caf53ca,c15ee2d1850f4b7093dcc2131bea5934,0.90457
7a398b6a2ae64a46a38a4a3c2f611158,2acef0d6c96f4029bed4ee21b1557c45,0.82070
fdcd5153c74645978dd2f46955b9bbb8,cbbed7dd36f64d9b9668d2d23e445e7e,0.89181
dc436faa52fe43c7be917afba4f83d1c,cbbed7dd36f64d9b9668d2d23e445e7e,0.93262
8076e242f1ee49bbadbf6b7c2bd1f67a,18de59a07de7413fa308028756de2111,0.86842
fc91a3714e4c4b358a33a0a031d1eb41,18de59a07de7413fa308028756de2111,0.96038
08ef8746bf524ed491d594afa289b841,cbe440c6c4b04cb7be24eeac6db86e66,0.97694
077940d35d614f409471bf3f4d4de33b,50cb7df44f7b4e1f9d41ce597230c965,0.86754
fb1d1e7f769348818deba78fe9e9eae0,50cb7df44f7b4e1f9d41ce597230c965,0.91402
4a2ad83b394f4daca7b51f320510c3eb,79265a38691d4765bf55a6cd75155e6e,0.93551
6d0ab45526ae46ee96bf7c844df6de71,bc0bdefc1ab74f33b89928d0aeba4cf9,0.76135
b6106f23c6e54ea4835f1453dc1e7e2a,bc0bdefc1ab74f33b89928d0aeba4cf9,0.96325
9cc3b0265212487183bf2ab023b2edce,6d73c197f8cc4bc2a9f73509f912aca0,0.94873
7eed9ef6707e445098582899ebd5cff6,e0fc0cd40cfa4b4496eb8ec24f275019,0.86041
ad8ca5b2b86e48919e658827aa43ee3d,e0fc0cd40cfa4b4496eb8ec24f275019,0.92153
82dc961a122a4dc5a97ac32021157b71,86e4b3d3d5944b169c6a04313f11a6f7,0.93185
a63c1d6383474e67b31789e673ec0c5d,01f81f8a83714c89b4c40377964f85aa,0.95983
e899dbb76abc434d92b62b7817fc228d,0e2b4004d71b4ffe8a978c717db1637c,0.95304
1888835a653e4fd4ae08ed57e038d2f5,951b8cf0c107451baeb8ae86a2d91875,0.93860
26f713af133848aaa86254f0197544bf,9e54381cf93240b0a2c871c35387b9b3,0.96686
a157373b8f834e1cb25116890c4e4791,78023562a5b548fdb31eadb44be7eff3,0.93268
dbe7e5cac1394725a35d23bfe6b64b50,547e1a41bbf64532b2d074019c19e44c,0.91268
a89d96e44f0f4e008cd950e9868c00d6,547e1a41bbf64532b2d074019c19e44c,0.87269
b247ec579119472eba00c627f891b1a6,fa35f972b01c4b339d709542af9261c0,0.90869
7e8ba827cc054304b4f8e6335951fd21,fa35f972b01c4b339d709542af9261c0,0.87144
435f92cf31714e3cacf54ea5c63a3a0a,ece3d140590745b1adb881128a06cc4c,0.80902
f50dec8cc046488ebb2548e9570ba334,ece3d140590745b1adb881128a06cc4c,0.78932
ed5abaa5dac840038c790ddddca779c5,13a3b3ade8684de592155094ce9018fb,0.97420
07f396ed1e014705ab1cdf9f0cd3fa58,9d78fed2a8544dd8aa32237608f2fb46,0.95856
7c42cc48ea7c4fb9a111c996819d61eb,9d78fed2a8544dd8aa32237608f2fb46,0.95991
bb0b90d0b393424984f03335ef3fcf23,980f5a11beb84a458e0994a05db3184e,0.67257
641e7df1be0d471ab27b0a262bd6eecc,980f5a11beb84a458e0994a05db3184e,0.73708
d9ff19a9e55e40158e9f0bb75230cda5,60702bf48fd6496ab31549a82878edf3,0.90612
75453bc1b60e4e2c9a71f6d69a4c89e0,60702bf48fd6496ab31549a82878edf3,0.72896
34c2df1001964bb8b48fe6442d67e300,aa1b25023e484d2f9aaf750761310869,0.97758
7e66a690ebff4d1e81128d3af498d20d,aa1b25023e484d2f9aaf750761310869,0.90802
38115514f48b480ca57dbc98efae23bd,b97d36d0a6c4415aa3d36edcd7e52255,0.95654
91e75a78167b46b68819f02e2a159f03,b97d36d0a6c4415aa3d36edcd7e52255,0.91534
aa4ad47fb8ca4a34a9a19fa670106937,9e2cf1c6d98049968417c950745862cd,0.98049
4f38e347a81a49e9aec89ccbd9ddaae2,744b6cfb880d4748acc34df9fb85fc09,0.91570
43320cf6611242c380361ced5c688d42,744b6cfb880d4748acc34df9fb85fc09,0.92327
9136967bb83249ca88330a8913cf4663,bbabed2a85c14845a0a3db5836b44e46,0.97956
f3fd820ec6854f339e205fb0c286ee07,bbabed2a85c14845a0a3db5836b44e46,0.95200
08b7777073ce4b049f53d0e87461af15,3aa76340e1cf403eae242e9ec5517954,0.91936
a9b294d5ec0e44338f53adf1ca883925,3aa76340e1cf403eae242e9ec5517954,0.84334
4462271ea52d4f8d96ddc9cd2ec70cc5,7f8436674d2b48d78140cff732d197e2,0.97489
119d7e29b1994075b03936677a45a89a,7f8436674d2b48d78140cff732d197e2,0.97434
0c60fc0241e140b895e2a8e53d1c10bc,dd26566c7dbe44d3aebe2737f7dacc49,0.94774
ae25f0f01bee4b29a591f33a24362f7d,7c91e591a4a04837b2e8ec2e9bf45d53,0.97431
435dd59c05d44c8eb1df0680115083f2,7c91e591a4a04837b2e8ec2e9bf45d53,0.96569
727e8b7901df4c84b4f72b787b0b163f,2dd0e1c8ee834b3ebed18c78bdcd9e4a,0.79957
9837bc343bb54a379d474887dba80a69,69bab896511c4301b8c10cdee85d15d3,0.90324
74877677629e45a780fd409abe793043,2dd0e1c8ee834b3ebed18c78bdcd9e4a,0.85442
8f85984969d146d9aabe5adcae4bdf96,2dd0e1c8ee834b3ebed18c78bdcd9e4a,0.89361
2fb45d33414b460b97eff25b63453022,8facb6c9b6ba4e18870bf009e4d2e2f0,0.95793
a40c16fc217a4a36860160677f204fb8,8facb6c9b6ba4e18870bf009e4d2e2f0,0.72498
cb416cd5161c48d6a0ed826e90b4e412,21279f50f10543a493d88a87bca69e7b,0.82936
aa07f97611a74a828132a2f2b6ca8bc7,47b28b8a63d34ddbb5e7c48690e937bf,0.97389
84de49e45f00440dabe4132fc50c08b8,47b28b8a63d34ddbb5e7c48690e937bf,0.98524
f41c04870b734a079f362b0c67113bd8,92af1a1a6e7b443698f599ef7bc9e274,0.94348
c132480a2dab4f28a93d1f49c0c61435,92af1a1a6e7b443698f599ef7bc9e274,0.89981
3010b10322014c1ba826b2197cc316a1,d2d65fea13ac4472a15421fd83ef9c96,0.92961
a5c156e835944f8aa3ec98c2c2fba089,8ec6955371734cf3bf2c11b42c89d75d,0.72633
414c2feb46f249dcbaecf53cb605ea04,1061f35ae6b940028f5e239a4891e211,0.76097
d0c470e6c09d4f2dbb595c334bb81a3a,cfe169c2541a41ad844a2e579d5d7bea,0.93599
c92c7a34e6654bea92bb5f3c99a323a6,cfe169c2541a41ad844a2e579d5d7bea,0.93262
8a121b5914374ef4ac18dadeff3f1e27,d251cf30759f41169fef65c5007d5104,0.98688
8f1c6587d9c14f78b40fd94d50606c65,d251cf30759f41169fef65c5007d5104,0.98187
076610103c1f45aabb9d6d76c9853373,75ba64ccb95d41adb76f37b57fa88600,0.93071
8c06f9212b9e413682f6cde291d4968c,d7f05f7ade5940f58deae24e9e51cef4,0.96560
d0f498e321f04791bda056261ff58ad3,e0a1f3be0713443ca338e82015ff3c7a,0.78642
a1e4b335a3bf4086a40b804cfedea77d,82baecc3bee74283a7806634ef220b1a,0.97930
13bb0a4a4ae7430c8bfa0f6ce6b0c7ad,22188811272941f0999e3f7dc13cec94,0.73362
5b7f83d8b1c746a995c8d70f2c2b7ba5,f7a3dc7d41dd49d184651ed7ea38a449,0.96391
d143d644c57142aab4ed862669fe7f8a,f7a3dc7d41dd49d184651ed7ea38a449,0.96487
f51cc0e824e9445997253e026ed1629e,f680e4cc8b664cbdb6c16dfbe2473e7b,0.83380
d2b686fe2d9a495b8ef05edd9711d167,f680e4cc8b664cbdb6c16dfbe2473e7b,0.92171
909cbbbfc35d4582bf13b45144a4c110,299fd15f7bdf450492972aaa56389f57,0.84761
73f36c7495a24dde806145e907e5f207,299fd15f7bdf450492972aaa56389f57,0.92140
2f6c94aca0af431d9c8b9c490de9ea5b,ee7bbd5fb050420fa8de0909dd6c35f8,0.90356
8dc4851c6c9e42cabf2948346b8e34e2,ee7bbd5fb050420fa8de0909dd6c35f8,0.89574
1da7e63cc76a4b3085295b0d245ff482,9a36b4f65e1a427588de3f0e5491a5ba,0.86879
b306e5963b184c969afd9120952047c3,9a36b4f65e1a427588de3f0e5491a5ba,0.98430
213f1b82b15a4675966f9d9e28643284,4614780623b14dc5ae947b2c225d8219,0.84422
9742a76122c94a9d98aec1607e00ffbd,4614780623b14dc5ae947b2c225d8219,0.84652
065b1e1ae9894aa98df9ec0f2803621a,ea172bf600d8492bbac629bf51b87d61,0.98526
473a187ff44443f8a3492c3f36601959,ea172bf600d8492bbac629bf51b87d61,0.94797
a2f9cdee3f7640f29cef4defc6814dfb,8d231b35103b417db35186e983300422,0.96081
ba328a988df1403794cb7e8063233a08,8d231b35103b417db35186e983300422,0.95447
d50c62f7ed674353970d4b329d4df0a7,a6daf81e034241f480b229768a3c8a5c,0.94384
a0f1fdefb6e24b81a79a365d8214b711,a6daf81e034241f480b229768a3c8a5c,0.98124
94adaa692a6140c792b31bd64fea2249,323082f23f7d423c9ffaa2690ecb0856,0.80828
df9acf1a2b53426bb092968def9674e5,c5b351dcb96a467b86e42f6bd3de6fe6,0.97844
adef04e82f2a4e36947563f59505990f,612792cf96104dc8896f140f03eecee1,0.98131
dec9b9522e674169be7f8132d937db0b,c4ef7085729e474eac545ab733b60b8f,0.90867
a8789bc184c7471cb664066ea8e211d9,c4ef7085729e474eac545ab733b60b8f,0.93426
dfc3d826306b465a881de834908b167d,6e0bb1fb27044202ae8ed8a2d7037d03,0.96864
a31db6be0b1a4822a3e2bb9d13422a33,6e0bb1fb27044202ae8ed8a2d7037d03,0.95993
0945b8562f8c455893be447613e746ea,a919d4f8d85d48bfb9cace7099dcae45,0.88227
ce4fb3da02594d349ec4120552364221,a919d4f8d85d48bfb9cace7099dcae45,0.88808
d2c830c5bb1444d5a05518f5b238305d,6885af571a9842b19f1a6b4e9432a4ee,0.85924
3a3e487903ba4c34aa9fdbe3c2d2a97c,6885af571a9842b19f1a6b4e9432a4ee,0.81695
5f3b6f9b28e64a119ae53a6e274c20aa,4d67590144bd41679daca4bf3a24eeec,0.94965
363ba31cd12043d89a6a882be7a9651c,4d67590144bd41679daca4bf3a24eeec,0.99533
602585d1554f471fba51aa61e84c70ed,4d67590144bd41679daca4bf3a24eeec,0.69843
a6ac0b626e8c46b59b9ed8efdf262e49,4d67590144bd41679daca4bf3a24eeec,0.71639
d9419b4e82a0490b913458da61a92999,90a266844d1b4666abbfb0662492a883,0.94080
e12b9f9b0a5d4ad3a173f78e2afe7965,90a266844d1b4666abbfb0662492a883,0.95861
405cfbcdbdfc4f90a27fd96c1a0ab3d0,4b6223cc051743c49641c335f967b25f,0.90432
d287152b34384fc7a84c8096023a6b60,4b6223cc051743c49641c335f967b25f,0.88236
f739ef90ed234a8e959107e5e57c2014,511c64e363414eae8834d419e4cf9a61,0.77108
5335b7dc41c047e39605fb0dd2c7b507,744fa8e17a4b45eca8119ef6525adb3b,0.86762
72205a36100548dda3f4521efec9002b,744fa8e17a4b45eca8119ef6525adb3b,0.87286
8745a39be4b146ec94ef846c45f9b096,157f7b7daaf548fc804c7faa1368e2b4,0.86631
b9299e1856a0491c8d01409e7bd58a6d,3bd98eb5c8e344f6942b1e9cbeda5d5d,0.82761
e0ec5d54ff3f4cfab5d7770c1dccf059,3bd98eb5c8e344f6942b1e9cbeda5d5d,0.81230
db382c6077c74ea099874c1f1c7aba36,7e6033a266ce48ad86c24459ee9f361d,0.89607
0429e2b4be4a4abf9ddc5391c6621fa6,262f02af267a4127a42fdabbec5e3a3a,0.91480
b9d2a234f8ed4beaa83aa46f9c24f8bb,262f02af267a4127a42fdabbec5e3a3a,0.90692
f038271c4acb47dc8c117b56f8090b52,fcbea3476772478394bcbdf49400c7b9,0.95691
dae6f423718c4c5bb0d207887032226b,fcbea3476772478394bcbdf49400c7b9,0.97020
a2c566d48fde495b8ecafd0a9bc18a4e,1507c05ca8de46e7a76a2078778a5e80,0.97096
2844608f7928434991987960f7ec44da,1507c05ca8de46e7a76a2078778a5e80,0.95048
fc0e6a9588af40428f2d946f0a4b2bd3,6025b377f2614dd9bd22aeb6c21b9d13,0.89811
59a79b93790f4955b5c6e15100462034,0751c82fee8447bb97273851a90f84fa,0.95301
dc4eca39e5f14bf1be9b9ac1ad9ef908,0751c82fee8447bb97273851a90f84fa,0.95793
e47bc7c6d47c4c6fb306a4a4e1676196,36d16ee50bff4140924f43fb4fafcdcf,0.96413
74045bd0093a4586bf4a7a843c7a9c2d,36d16ee50bff4140924f43fb4fafcdcf,0.97425
f8e5e6491bd64416981439764460a350,a4feca4741eb4d6ab90b781ddf51e631,0.81612
1e572dff5c3345abaf289557175be1db,af9007933baf4c93964ce40eadff5f34,0.92390
d7b41b3e3e4641278e4d7b60c32b67e1,9e686720ec78468abdc87b2ac44a96c4,0.95071
991f1aafa7dc4d4699363628c1c4be1d,201688846c8f4f2490c2a706e1a60bc4,0.96349
91b70948d9f445f38aa47abc95b00d8b,565cc18662074feb94e299900b2eb820,0.96029
d1283efadc624004a9e284d31629e4f8,ed140f9599f74ecbb0478fa168d227cf,0.72444
24087f56c44b4e69be01b0521c66fd5a,ed140f9599f74ecbb0478fa168d227cf,0.94005
979c92e6465b49c598f129653b112d18,fd31b210c7fa47b386a232fe38e454d6,0.98936
107f27bf1e1945169726afab00212aec,7dec0d8ab54145149650dc93fe035512,0.87561
ff21d7892fe54b71a9dbd2b2fb5c6366,906132c62fcd4fb1bd79cf483284f563,0.84372
99c4b99e6e704e63aca525cf56328480,906132c62fcd4fb1bd79cf483284f563,0.85222
35670e367bd041ef863c012317fced53,220b410d8f4b4cf18e0d2d791f988c3f,0.98021
c629a9f8f5984dce983344f814c5ff38,3b5a5dc114034cb8abf323ea7f0d6269,0.86681
d13f1ce1271a47c8b94dd2081eefaea1,0a79bb4a524d471aa8bdd5d717ecb383,0.97573
0b3d949b7f9b4622a41e038ed2e34aa1,0a79bb4a524d471aa8bdd5d717ecb383,0.99238
08aebb98964a453293af497e8f77e898,b0f824b088954b1db7ee47af12fdf054,0.93039
06f871bdfcde4da8854825aea2fa6f2b,b0f824b088954b1db7ee47af12fdf054,0.91099
03d47ddb49c342d387bf29c2446253c9,e9ef6ad169cd4cda9163bce72cfcba50,0.95541
8491dc402cf440ae971e5a9b328ee254,e9ef6ad169cd4cda9163bce72cfcba50,0.97562
7600f31e768248d3af8acc4bcfb655cb,f2e3dbd57f564c7fa83f103d408e7bc1,0.91331
7c2df585cf564188835103113bcd2085,f2e3dbd57f564c7fa83f103d408e7bc1,0.93385
6391578e8eef49ddaac233d50296f67a,4cd1ca0617a2400bacb13ff01ef73a7a,0.98167
18cdfa04a4884f0b8fd5562094c40cb4,4cd1ca0617a2400bacb13ff01ef73a7a,0.95525
d6c2e9497be74456a78b0bd5f3c4d992,d8e6e4d38ebd4cf7963445fa9495ee5e,0.98549
380b0687e9f047639201be5f553d2b77,d8e6e4d38ebd4cf7963445fa9495ee5e,0.98376
b1f99b71b4584baa99d67355e106dfe1,27fc5164ffd24e009621fe5b9e2f9b6c,0.98371
fb14ee8c936d4efabc38b7cb3d764321,bd9385e9f887416abe25b80b5a71f94b,0.96541
a801d84e1fce405b94a65f69c035b985,bd9385e9f887416abe25b80b5a71f94b,0.96682
67b6ba36a5ff45ce8659394d052e03e2,1f8315d481ce4bef93952e0a04520ecb,0.77316
9e31366b53d341369511fb080c060880,1f8315d481ce4bef93952e0a04520ecb,0.83714
4a67a8259ed0436f8bf9271ff8224121,feca0b0126b94479b6c8fa33f1948718,0.98075
9b4c05b554b344d3a9de940d1f1c619f,feca0b0126b94479b6c8fa33f1948718,0.98184
545756fc4d424084a944996ed24fc065,9205efdfe1c840089bd56cbe77540409,0.92515
b72eda6e64654f9e84e41af449c9b672,9c29c75aa4b04816976f2e1c37bfe11a,0.97470
fb0b9c200c5741db87175d82b17b0f4d,be8fc937781e482db87d4c81b1912fe0,0.91387
4e5c97532ccc4c808563da5decf5b920,be8fc937781e482db87d4c81b1912fe0,0.90270
e8381e3a565f46bfa8e697f5fc862406,154c9d7668e64f8e9ddcc5dc2c91dd25,0.94563
e32120d9aaf34a7d8c66165c63eb951c,154c9d7668e64f8e9ddcc5dc2c91dd25,0.97130
42c9e413c0874e2bbfd8c1ab55098f70,a4f3bc4cd5ad40298bc22bef2b822e2c,0.98484
6013f1c6bf504c65b8adb87bdb355ab3,a4f3bc4cd5ad40298bc22bef2b822e2c,0.92477
597847cd982545d2b9e601efda36c0d7,cd9246ba4eff4bc5b13e053920cadc65,0.99438
6e8c60a823af47e7a94aa8b6d3fef91e,cd9246ba4eff4bc5b13e053920cadc65,0.99804
7fb5b99af294448c93394b9a48f25dc5,ea1bb9beb7e242e68102ffc9434105f0,0.98232
d0136cd4262a43468e2ed7dc45f3e1df,ea1bb9beb7e242e68102ffc9434105f0,0.97951
3b7a3a8a3c924872933c742096124e8a,08fab0519de746a3a20d6346d0c2e8c4,0.97852
c58469d44010416facdab538b2fa276d,2b2e09664b8d4057b68f84e63ed40dc0,0.92660
faf44b48cdc74dd0b1a70e80736a4445,aa0d585075b6497f8f057af3c03642cf,0.91042
2d799e726d394d0db25e6a9180d9c456,aa0d585075b6497f8f057af3c03642cf,0.88047
88f805ef466c4b18a11a12586ae27cbb,ce9527075ff84c5ebf285a8a1f11d7f6,0.93841
36d070e3e71247ab8c839330ecef0721,ce9527075ff84c5ebf285a8a1f11d7f6,0.92558
f62bfb9acc234772909366f58cb6807d,703b20fdfe3f49f6bca98d3021fa55db,0.97848
3b8203b927a74294b21f0a3320c521e7,703b20fdfe3f49f6bca98d3021fa55db,0.97391
66c87925fcb44e3cb69ee120cc7e36fb,c137679802714b44a0352cfe50a804d9,0.96124
762fffc7732441d1b5f6eb15da372d87,66b164f2ee734baf98feb5546a913505,0.94965
1e5fdb0b5f2a419cb26f3fe74cf21e15,66b164f2ee734baf98feb5546a913505,0.96499
c1cbb26d43c548ce9a4d8e5e43e2b66c,5e486ca08d92477a9d7d6601a3832ce6,0.91843
7eca6e0496734bdb93c54fdb26f29ed7,56aebc1ad0714f04bf89f5b1bf6a07d6,0.83264
7386906764da44f88db3329bc411100b,0cff224867d74186abb65eaf906c6254,0.96820
b068d6ccbfce4f29be5def9844feb936,0cff224867d74186abb65eaf906c6254,0.91415
82c36620a85d4f77afb5f980a5dbc677,1993368f65a4457f992f0494e4d9f61c,0.94925
c308b2fe610d4b199a409b6e136f6d6c,1993368f65a4457f992f0494e4d9f61c,0.97622
b72e9734178b49a19c06daaf9267d2d4,2a499efa75014ee88bd2328ed0748d91,0.66759
ead43350203d4c828522c62b01b05257,2a499efa75014ee88bd2328ed0748d91,0.67325
5c87cf1cca2e407fb69cb4c050dcd752,9bd900dec2884bcb849014f24319f3d5,0.90813
3b6a7993e4054d2db6a6f8b77a0be158,21792191873a4cdf952c1f031d0bbb0e,0.82454
bd24c511a8c746228102050aaf9a64cf,21792191873a4cdf952c1f031d0bbb0e,0.82176
